id,topic,topic_zh,split,title,body_tokens,input_tokens,body_sha256
19980608-08-003,sports,体育,test,甲A联赛战罢一循环国安不败纪录被终止,571,500,d80427567a71b6be72459bd4cb13108e4208317ad4337a52adfdfafaf21cfa28
19980410-05-009,sports,体育,test,女子围棋世界冠军赛丰云不敌芮乃伟,176,176,e2af01575cad978e17f3ff2801806a85439ba7ffe707764c0de3ef2b9f716ea0
19980507-08-006,sports,体育,test,澳大利亚一游泳选手被禁赛,85,85,5e5955a9a460b5653b39d10f31543f1c4bc8da4e0fe5925dfe80995159198e67
19980205-08-004,sports,体育,test,欧洲乒乓球十二强赛结束萨姆索诺夫倪夏莲分获男女冠军,141,141,79a4bf2317b18c82fd8060b826c7ab4b91ca4aa135d0918854cd9e44bf617580
19980205-08-001,sports,体育,test,中国冬奥代表团抵达长野减轻心理压力增添争胜勇气争取零的突破,372,372,74f1d81df810b385bf646df35a782db3591dd4eb07044aee57b3a3302cebb375
19980116-08-004,sports,体育,test,世界游泳锦标赛美国名将汤普森已获三金,220,220,91f9255c42eeef8f670ab915bbac9467df75b3c1f591721173ae2ff60edf7204
19980511-08-004,sports,体育,test,巴拉圭公布世界杯赛名单北京国安球员冈玻斯入选,96,96,599f1af81be5d423a38b7d505a048ecdf227624d4e83ac5c5900bc44a1a61b9f
19980424-08-002,sports,体育,test,世界杯热身赛不断德国队胜尼日利亚队,218,218,567791c8c3472d975766c1ce7540f2d16b2f2749aed13f447845985667d10c9d
19980322-01-008,sports,体育,test,世界短道速滑锦标赛我国选手获一金一银,143,143,c0ff821fc20ccd21f738d729cba770b6f814bcebb7bcb50b5ef941e684f0c9d5
19980608-08-005,sports,体育,test,全国田径大奖赛总决赛落幕(附图片1张),414,414,bee4ce892233434f0648688d3341cef1730b1f03c0306c0d4b97058c84d5e87e
19980303-05-014,sports,体育,test,巴西蝉联世界女子沙滩排球巡回赛冠军,162,162,71297d75d1626e34f10786ac110baf84303bd90185371d1b6f0531ec2ddecd42
19980217-08-008,sports,体育,test,申城绿茵场早春不寂寞首届远东俱乐部足球赛开战,235,235,c4fcaae2570704d7638e42c3c2481642b7fb609ba07f1e065451e04c654e8181
19980106-05-007,sports,体育,train,关注热点问题推动产业发展体育市场开发与新闻传播研讨会在京召开,373,373,cd2a34c9f74d1322b26d40f789ca2be755b96453d6b0dd18039f68edde4713fe
19980119-08-001,sports,体育,train,第八届世界游泳锦标赛落幕中国队位居第四,242,242,1e4d2548389df3eaf0f7aff6275a9b1831ee35616b389970828724b7aa25349b
19980328-04-003,sports,体育,train,世界杯短池游泳系列赛韩雪夺金,147,147,c8a211c96209621d1cc410ef74a275bb2b3d994d2a51dc56b540c0a6e77d9a07
19980108-08-006,sports,体育,train,第八届世界游泳锦标赛开幕,245,245,d83ed1292bee53f42e03cf1ba8942151d6ee14c8e80313a3ce8784e1d471b5b4
19980317-08-002,sports,体育,train,第四届NEC杯围棋预选赛结束,197,197,1d011495698724779096ae62921229c83ff9e87f861c34b6df95feabce787103
19980410-05-007,sports,体育,train,爱立信乒乓球擂台赛评出好照片,145,145,5bd8188beeabcd1e76db891f29b66d85d3e9240a406508a3bf0ba94c1aa9da80
19980217-08-010,sports,体育,train,世界男子沙滩排球赛巴西称雄,121,121,a156045b655440aa3946d336719ec16c830fa33801410b073573feec9533d573
19980406-08-002,sports,体育,train,围棋四强争霸赛马晓春折桂,187,187,6a4924fcfa13340a09375d999abaa3d30ed87798fd3f931c90ec991011b6df59
19980121-08-006,sports,体育,train,国手更当自律排球管理中心要求加强管理,268,268,c560dbfaf3d1ece84f01094b508639871ab8c5c775b4681dca492610349e6c75
19980204-08-007,sports,体育,train,"国际奥委会一日在日本长野宣布,老式星级帆船和女子现代五项将列入二○○○年悉尼奥运会的比赛项目。",93,93,02ed2344bb789d8cd5eeabf22bc4a3fc36cf5a8ead4f2104fc2f8085c627a0c2
19980613-04-003,sports,体育,train,这就是足球,321,321,e70ff9ae291d43714952416957dba7c43d78fa7c98f7d0befc6b18048e08fc70
19980415-08-008,sports,体育,train,苦练为夺杯———中国羽毛球队出征汤尤杯赛前瞻,1029,500,e0b186eff2c364b1ddb6414c718020d939388a0774621107302f2cab95721758
19980125-08-007,sports,体育,train,中国围棋协会公布棋手最新等级分新秀常昊排名第一,246,246,c733490af783c9255c396fd08c262b57a45da8f066776d8b1667f7b7d3ff5860
19980206-08-007,sports,体育,train,厦门足球邀请赛落幕延边敖东三战全胜夺冠,264,264,1f4f512d0d1a6d30a186cd42f19e1d449c8112db4271b78064c7f50c2538d9fc
19980425-04-006,sports,体育,train,观澜湖国际女子网球挑战赛易景茜闯入四强,410,410,1c25d13e47ca1f037b1df6bb5acc6e8c266808ba97e2e64871efdb5b00d898a4
19980513-08-002,sports,体育,train,琼斯梦想奥运五金雪梅誓言走向世界,448,448,af919337084f62d306f03265792f9c63a6c3a727ec380801d62bb71e21df5a40
19980120-08-003,sports,体育,train,"1998,从平淡中开始——世锦赛游泳比赛述评",546,500,cf67d048ce17bc2e901f699021f5c24287232eaf7314ea5304c57ec55167151f
19980324-08-004,sports,体育,train,瑞士羽毛球公开赛中国队获两项双打冠军,185,185,ea5cdb62c1b17d9a90812f9a54912c883965bf7bb58882bf0321d62621960f39
19980225-08-004,sports,体育,train,赛场静悄悄--全国田径室内锦标赛观后,329,329,d96980c379a19b4f3db21597ef8bd05565aa4f574c59dd4d8aec5a9c6c1a14a4
19980213-08-002,sports,体育,train,中国乒乓球队参加升国旗仪式,146,146,bc0dbe5967e8dfedb32e298bd4b309d2d766dd7c5cd4c768e8ff0a59039a2297
19980404-04-013,sports,体育,train,○象棋冠军赛桂林会战,123,123,d1f7f2c446eb47aef62fec3d5ccdfa943e360b5d774323eeabd66161e8dd0cc3
19980309-08-003,sports,体育,train,『三八』国际网球赛举办,120,120,cc2c0da2a8ad53eed3e3e46f2a3a8ec7117bcefa5e2a918c06ff5d6f0486a8c7
19980124-08-002,sports,体育,train,走进法兰西体育场,508,500,87d1b191860fd5f6526c53696e8dabe67281f81add90fe10fed1946ec98f3ff8
19980120-08-007,sports,体育,train,’97中国足球最佳中场球员评选揭晓申思当选“珀金斯中场发动机”,125,125,dc054b0268b2fc2c06039a43e4a73a2bba4803bf007b4c69946e25b034299918
19980316-05-009,sports,体育,train,全国排球联赛战罢第十一轮沪女排夺冠在望浙男排积分居首,264,264,47ae28fabbb74a072a1630ca06aa759e46deb8436d0372b6659ab12ca83b920c
19980406-08-007,sports,体育,train,苏州国际乒乓球邀请赛金泽洙王楠夺冠,166,166,2fa48e065f5fd3bd1b96e01f5d10c4c773ed6d44971ac778ef436cfffd2c3fd3
19980603-08-007,sports,体育,train,罗马里奥因伤退出世界杯,122,122,f45385536bc9260d9bc68750b69e3978f40dd7b13c151ea7c500fde744ff91ea
19980119-08-009,sports,体育,train,全国男篮甲A联赛北京首钢队大胜空军队,190,190,259d97a8138e63d1725c3412cc5894f5807a3e1921bc1a01d6f3e5ddfecc6870
19980112-08-001,sports,体育,train,应使体育赞助一体化(附图片1张),427,427,d49dffb26f57b058e50f77d4083eb285cf8371432c82ae0bf4a035cde5cec205
19980323-05-020,sports,体育,train,全国足球甲A联赛揭开战幕强队弱旅混战一轮,451,451,b1dee1570746a0499c27da555a98f9cba08921b4efbf23226f9408a7005ce54e
19980114-08-006,sports,体育,train,国际女子网球赛李芳淘汰种子选手,123,123,21948435369606fd4a9ed160a1a8354df81525c77c7570226832fd9713782dea
19980225-08-005,sports,体育,train,亚洲体育记者联盟代表大会即将在深圳举行,130,130,012850ae9952ede812c7ea8dbfd1c85f790fc2c370a492f8f6af7435e61cd167
19980614-02-016,sports,体育,train,东道出航乘风破浪雄鹰起飞不可阻挡世界杯足球赛又战三场,363,363,7c0556cb1fcb96aab9a4fc06443404a2d92af9c2b19596eed99df6ba0a37df55
19980302-08-005,sports,体育,train,男篮联赛决赛局势起伏前八名对阵混战一团,251,251,bb1984ffe36caca72e4d32d6d3184753f8e746bbf834d9f129fad7e0de5b14db
19980314-06-008,sports,体育,train,全国武术宣传工作会议提出武术加快进入奥运会进入市场,245,245,a9d3131188bfb051c8d3f088528c41eb3a527ec7f92f19e5ffacc107bae9934c
19980427-08-001,sports,体育,train,全国足球甲A联赛第七轮大连万达一路领先,683,500,cbb6c29810b513621e633caea5d83d452702add1407d7d09136ab1c35554949d
19980509-04-005,sports,体育,train,第四届NEC杯围棋赛在上海揭幕,160,160,0f1e2adbc1a12fbabd6d1dad981142dac9780b8c95f4283be4ef75c16313b7bc
19980226-08-002,sports,体育,train,希尔顿男篮联赛预赛结束八一山东辽宁分居前三,304,304,7d8fab5da9959af2429084bc90b97b1d5d60c83d03a812ff87b45d26b6236098
19980127-08-004,sports,体育,train,西班牙国际象棋公开赛诸宸暂并列第二,199,199,5013736f12e967c8bd62db62a574cd83a23919fd0e5c68c9027c696e963014ae
19980209-08-005,sports,体育,train,男篮联赛松的松紧的紧前五名积分排序依旧,306,306,c9efbda0432da326cef0d68cef190f29f8ee5515dd7dd18ac3c5599f8da38218
19980323-05-019,sports,体育,train,中兴通讯杯中国围棋名人战产生四强小将邹俊杰连闯五关入围,506,500,51446e9b889f2fa69ad1f55599096a966b6ef46581081c5a5664c78b3e1b71a7
19980330-08-002,sports,体育,train,张山复出风采依旧获世界杯飞碟射击赛冠军(附图片1张),153,153,978db800f4639536db8a4ef1c88348c3d018a9ae1e851b7d6692db67671c0109
19980120-08-002,sports,体育,train,全国速滑锦标赛落幕破全国纪录如探囊取物,249,249,6c4308c7094cf38a979ffeb5868dfc05a55b07f6b0084e9bd437cab84dff7229
19980321-04-006,sports,体育,train,足球甲A联赛即将开赛,227,227,ab652ea4850e3e1b0761eadf91973a68918094ed2dbd90fcd992a13e8e0c043a
19980326-08-002,sports,体育,train,全国男篮甲A联赛决赛第一场八一队主场大胜辽宁队,289,289,3d399f9f69ec0ac0c11d82226908671ab0dba7fdba5f6866d1ad648a279b24da
19980112-08-006,sports,体育,train,中国围棋天元战半决赛战罢王磊周鹤洋闯入决赛,163,163,1651e8f095d1da712128a0cf5236416007d923ce85cc7a90f5b8966bfbdd5c69
19980314-06-007,sports,体育,train,全英羽毛球赛决出四强中国队喜忧参半,275,275,023f88e77e44059de25e6c5f7268cac0a63275a5ce28d1a6ba4252acfa535e0a
19980430-08-001,sports,体育,train,接轨奥运未雨绸缪中国足协推出二十三岁以下全国青年足球赛,341,341,618c67b27acaea56dd7aacb0a4e77410765c8ebb20ed1b47abc3f0db4e221b64
19980601-07-003,finance,金融,test,俄金融危机有所缓解新税务局长强调加强税收,613,500,0493aa2706ad0fb405c8d736ea7cd4ec9a0dc70efd1187b754eb4ce81c45efa2
19980601-01-004,finance,金融,test,中国人民银行公告,216,216,9aa23aba1aa49cf241b65993e14edb2d9394e1d6348f1cec558c015e6381a918
19980330-02-003,finance,金融,test,保证全年经济增长适当扩大投资规模开发银行首季贷款增四成,293,293,a850e4b46becac161cfbfe2bc53d29a67d47c03f3cb9c67df415dc6416e36fff
19980618-02-009,finance,金融,test,中行被评为“中国最佳国内银行”,169,169,88192e7f43e2dcf4aa04980c2bca02e096b9c0a26a3cab5670a072f8ee18a867
19980313-07-003,finance,金融,test,经济学家:“亚洲奇迹”并未完结亚行将向泰国贷款5亿美元,415,415,0cde601beceffa178499a9d89019393bbc7bc11afab352a84a0d6ca0f394f7c4
19980209-02-008,finance,金融,test,中信实业银行经营业绩创新高,125,125,fb769effe5950546a4774158c358a402c3a310da300a015e51feab36f12f80ae
19980311-07-001,finance,金融,test,我对亚洲金融危机态度备受赞扬亚洲开发银行认为金融危机后果严重,436,436,e8c3dc5ad0779760f6a109e33d87aa7f0918349f95d351435332091cae537466
19980417-02-009,finance,金融,test,天津自费参加房屋保险者增多,187,187,915e89954272600736c373338be5d1d63441467f081066a2608a88d2cdcc9d8a
19980214-06-005,finance,金融,test,完善进出口政策性金融初探,677,500,ac7ab45e170ef1c72d6497a2b7cc1a82478e02de7203ed072754ecd69f0e31da
19980330-02-012,finance,金融,test,红嘴集团成为地方财政支柱,127,127,238dc6af0757120ca8d696feac35159e0334102f0da66c42589ab67c1462ea09
19980216-10-011,finance,金融,test,上周股市概览,81,81,8b64d1d6926d0c585391b22c1b50f5407287ff95cc42239e69489a8848010bc6
19980623-02-008,finance,金融,test,财政部民航总局联合发出通知,313,313,3d980225f0e4ca43e747ef72d97fb405902e454119bdfed678d8cbb88fdec057
19980627-03-008,finance,金融,train,印尼同货币基金组织签新备忘录,217,217,23391a0bc59e80ee3cf34f16e366eae01cd40de16c3117c01e6f5665b7c9f3ac
19980612-02-007,finance,金融,train,厦门建行个人住房贷款方便百姓,236,236,4c5cb58e5739714e345fa89401fe82ae830bc39d3a8a4cc31466abaccec976af
19980122-02-011,finance,金融,train,进出口银行推出六项举措支持机电产品出口,348,348,ba0c0c4368e838e14cc8125892eb78bd840e6a52b96a7ddc86f11f84ae891252
19980504-12-002,finance,金融,train,培育成熟的保险市场,874,500,c1baf6e6ece7a36c34c0e0b40d098bb0ce61dda9e1f7946b6274198e6014e84b
19980622-07-004,finance,金融,train,纽约股市道指再次大跌,152,152,a0e7f58fd0715c61eac86be29e849519c7e19cad81ffe99d25d32c716760df84
19980401-07-003,finance,金融,train,韩经济今年可能负增长下半年将全面开放外汇交易,332,332,a91f33bc0e4ee243acabfb4913f04404e13289518e14536e6cd605f9f6912559
19980611-07-008,finance,金融,train,清算银行“清算”亚洲危机行长提出规范市场原则,150,150,025ff8cea02742d263090ae5bd5ff8af637b5eeaa4f285535f33ad388004c3e4
19980622-07-002,finance,金融,train,俄政府采取多项措施卢布汇率基本稳定,404,404,181acf09ebb4ab9bb17da01ae326e004f252fd155b53e5e53fa2d4d2a73f750b
19980505-02-007,finance,金融,train,我国对外开放又有新举措部分外资银行获准参与同业拆借,294,294,fd90faca58c72b78f838c4ba378a8cefb4c1ecb679e3b448f2535f83dae18505
19980521-07-007,finance,金融,train,日元汇率又跌至新低,127,127,16fe3d4905a37d4669f8896946aba8fb772fb474bc787bf5d56c96802c77a0a5
19980116-07-003,finance,金融,train,世行高级官员指出中国是稳定亚洲金融积极因素,340,340,b7f622f18030ffd65fa72ba70bdf0a5cb8715ccac845fab977056436c2d40745
19980223-10-002,finance,金融,train,国有大中型企业有何利率优惠,196,196,07ca4e75adb3359c6adbacb2e0e8512d7a17bc67be9e0e6fa3ac3dfc797e7e1c
19980116-07-001,finance,金融,train,东亚经济传真苏哈托强调经济改革菲律宾汇市股市反弹,494,494,e2df72b994682f3feb35fe166e7bed0680d772903f7e74e0998664cb03c8e1d3
19980422-07-003,finance,金融,train,稳定汇率抑制通胀印尼央行再次提高有价证券利率,202,202,ef70ae598e6ced50cc6a9b66480e76bc1367b379b330c52a30817e226cbc525d
19980528-07-008,finance,金融,train,荷兰商业银行跨国兼并比国通用银行高价出售,289,289,c17ad5570cda495f7c8208767e72300dea19178a0c3d7376d9451ec8f7e116f6
19980504-12-001,finance,金融,train,发展商业保险提供风险保障遏制保险欺诈,907,500,3d3151759c620e2a95fa73d1685f7d6b1a524fbda6cc799d24afc66b9264856c
19980605-02-002,finance,金融,train,增加货币供应又一重大举措人民银行恢复债券回购操作,291,291,1efe176f1c767331c5d8b71097922e56a6e80eb7252d11a7b649bc7861bd3aef
19980106-07-003,finance,金融,train,泡沫艳丽MMM股票价格青云直上,793,500,e1fc703d8a15cbcc87402b4ed3268844af1d99d6afd32278e76febdbc798b478
19980618-02-010,finance,金融,train,东阳城市信用社提高信贷质量,160,160,6b4e656c4f1750b5320ec15de6e1c39a690b36e9a7d578ac0449e779204ddaf0
19980418-01-008,finance,金融,train,我国稳步推进保险市场对外开放又有三家外国保险公司获准在沪营业,160,160,7669457fd3902ef3b9d84a6b6fd1a163a5bae762333861e8e2c689a22e3f5411
19980530-03-011,finance,金融,train,日元汇率暴跌(附图片1张),149,149,be73c6cf7777481034955440f3c0f0f587c9acc686c186f697d4de36477afa34
19980126-10-011,finance,金融,train,上周股市概览,81,81,f7f3c9b3549ff18f97a066a59220c61cb457aab680d19209aab89f4abc7a057d
19980319-07-007,finance,金融,train,英公布新财政年度预算方案,248,248,2db736b24f80949ed3e2bbba1b9d07aeabff9cd2684b58af837e99698dda336a
19980107-07-003,finance,金融,train,墨西哥政局不稳引发严重金融危机比索贬值造成巨额国库损失,832,500,d8efb1711662dd18c982feae54a6f041a6a604a4ab3cd222ec40c76fc79f79b0
19980112-07-006,finance,金融,train,虚假繁荣不良债权种祸根呆账积聚日本银行难运作,810,500,6b827b4930e887f67187834df6c8ad2696205e08ecaa07e0b2b590b2363a13e8
19980212-02-002,finance,金融,train,邹家华在会见开发银行会议代表时说把政策性银行办成规范的银行,304,304,6005f0582f2c9ae7bff27e5feb8446f777118bfb5ac939d97037e1a072917768
19980115-07-002,finance,金融,train,东亚经济传真泰国继续应对金融动荡日本经济持续停滞不前,446,446,c87e664c03def03d81350c225aa58a18383fd079780faff355809ada0f326120
19980413-11-012,finance,金融,train,上周股市概览,81,81,244d18f1b4b643a21ac0dea303b1f8265c3988ec388eafda2b6342c5886c5d81
19980110-03-012,finance,金融,train,拉美股市继续下挫,152,152,46afb4eb582e485101792002d2d7edd7830732486ff51b5dc48262589e5fe5c7
19980116-04-013,finance,金融,train,董建华接受临立会质询时强调维护联系汇率是香港稳定繁荣保证,174,174,80ee731ac62cfc11d5b80972646adbafcdd0b7a035e01b74299644e68a1dcff4
19980223-10-001,finance,金融,train,发国债股市资金会不会大搬家,708,500,a44c80c7ebfa1c9b988bbc30a82cba6efaf88c91c71adbdb34c164bf5154a678
19980125-06-003,finance,金融,train,美国经济政策研究所认为亚洲金融危机将使美遭损,233,233,1899ed61dc857d01c3b73beb47f0883316a02f9eb49ba2e6e1b2c0cfefa95627
19980429-07-003,finance,金融,train,世界银行公布全球经济实力排名,307,307,8d3f9bc09c0d07e1ea045ee65d262050e7c5d3e069d2f884a9a18523cd468bb1
19980302-07-002,finance,金融,train,东盟财长支持用本地区货币结算贸易,296,296,ec0b768d6b2a4451289789edbbda752f553b98331fa9ffb405c518197f3914d1
19980413-07-002,finance,金融,train,收缩市场整顿机构提高信誉日金融界进行大调整,344,344,0d847174b2b1fccd66e2a9881f22acb2ca6738a753b6ff3c1c4610096fe5b088
19980428-07-006,finance,金融,train,罗银行破产法生效,165,165,74d0bde78f7232a0a39cd64d2eafaf81ca4538ead08f1cf1f1744bf3dc1d1ace
19980410-02-004,finance,金融,train,为重点企业提供全面金融服务建行担当上海石化财务顾问,190,190,e14761b16dfae8c17d5f2d3fdeb397d681e8055238351cdd2bb9122d2d2408c3
19980405-02-003,finance,金融,train,第二届亚欧会议发表声明指出亚洲金融可以恢复稳定,569,500,0b3671670cf43ab444225420f9169cc04109b8b1771da039159d4b01486c0976
19980109-07-003,finance,金融,train,监管不严违章操作逾十年大和重创金融信誉落千丈,886,500,f94a4d71c24fa3661c6a493b53262be737fa9d6e0404838e1dd7059ac6b76ef1
19980105-07-009,finance,金融,train,韩国金融:元月形势仍紧,83,83,c839926d58756c775f39f4a7bcf3a56d4e1341fd1d2fdda4f0bab12ce2f904c8
19980212-02-004,finance,金融,train,怎么看银行贷款少增?,1488,500,84b422ec304ae95557145a40fd6ee221c25f6a5c1a3c7f96744db840d0660260
19980226-07-008,finance,金融,train,东亚金融市场新态势,1012,500,2859e1bc490541ea23de8c1e2e5b5ea9cf85042342f52edcbf5de8889ac0ce4d
19980529-02-001,finance,金融,train,中国证监会股票发行审核工作程序,2146,500,473acbd95a4965894e5ef4eb88dadd3b368770e54931c4940eaa2e3f632bce35
19980619-02-001,finance,金融,train,扭转海关税收下降严峻形势海关总署紧急部署加强税收征管,245,245,e57b953ac9b0a4025f1e7fd53bebb2cfd7f538391e55e78dc931bf727542df32
19980609-02-003,finance,金融,train,中华人民共和国财政部公告(1998年第5号),283,283,297668f974be73e226976579e5d2886edeaea9c6e01c96a31d15501a2220e34c
19980618-07-003,finance,金融,train,日美将协商日元贬值对策日元汇率大幅反弹,113,113,7a814117de1430df49e36f78c14e53e1905b65991479af464fbd81824ca3051c
19980209-10-005,finance,金融,train,一千亿元住房贷款意味什么,619,500,83ec6ecd4a12149466fd3838a420b087d929c348a41bff00a30e281f75661ad7
19980210-02-002,finance,金融,train,财政部副部长刘积斌回答记者提问时说凭证式国债保证投资者收益稳定,758,500,e11e98695494655ae02caa82d4fd787214bae6e1dc2737fc97f1bca5a6cb3b93
19980120-11-007,education,教育,test,对素质教育的思考,686,500,7d13bca1cfa8fff028c43219095a5c71ec525e1be4b9482c6c9c34575387a2ac
19980102-01-004,education,教育,test,承百年报国志做世纪栋梁材北大学生举行宣誓仪式,180,180,4da3a199ba48d1f23054507d753589c7eaef1352d6d6dff10bbc1bf75f4a2396
19980620-07-002,education,教育,test,"分数,能否成为学生的隐私---关于中小学生考试成绩排名的议论",1439,500,f7b137cd289e9f9910694c5a0cebf84f749d61896fc1b5af573b3c53f8001f63
19980312-05-010,education,教育,test,教育香港青少年热爱祖国(附图片1张),448,448,474a675524bd4d4873a657106464f715b72e53b8bebf25f24a579d3c549d88fb
19980522-05-009,education,教育,test,高等教育的新使命———深入社会引导社会(附图片1张),310,310,ae65fa12cc9ab7e8b6f154873943f6428ee576ef2ac47b3d75cd03eeb0d5e1e0
19980601-05-008,education,教育,test,北京白家庄小学素质教育有特色,278,278,88be9e9dfe4de5b4ab32d76e13025c7c9a3ce2521b1178c90eb9ffd4aeb78ccc
19980622-05-008,education,教育,test,成都向社会招聘兼职教师3000人竞争300个名额,322,322,b3722e78c3769eaeb55bf22432459a7fe74c19493adeac7f6209bb5c85594440
19980401-05-008,education,教育,test,中山华侨中学实施适应性教育,110,110,505d194e0e6e2aa3c2ec9ca62c38230bbf5a1b49ebd7c37603712b53fefb9f9e
19980413-01-005,education,教育,test,青海800多大学生志愿去农牧区,135,135,3df65580c17384b88109e5a12da875240563e25a6e226b7e6d3240a3c00adff1
19980413-05-004,education,教育,test,天津河西区开辟素质教育实验小区,273,273,dec2ba9b4872598910ad9e6f263a8308ab9c4d256513651927bf8a9b842b1e53
19980630-05-005,education,教育,test,教育部与李嘉诚及长江基建集团联手长江学者奖励计划将实施,286,286,ade95eedb2da26b448ad514293558b0b7374c1a0df224aa955d0e3b4f3268976
19980325-10-009,education,教育,test,英豪:真情荡漾的民办学校,993,500,e75f5b80e6913a4c3fd3fab1f9a1279a0d09b9eb73120e155a8163519bb9c96d
19980522-05-005,education,教育,train,加大对高校的投入力度———高教腾飞如虎添翼(附图片1张),464,464,cde9d4506290eac45bf8c2abff11d7829f43de02af50566ba45c1fee20c5784e
19980629-05-003,education,教育,train,郑州大学昇达经贸管理学院(图片),134,134,7adba51618b8be1cd8837fb41fc1f877738259981cd42cfab556fe36cadf16ac
19980422-05-001,education,教育,train,民办高校一枝花---记黑龙江东方学院的办学实践,1419,500,f3095bd3df089db6fe0026ad83529afb04b4f148a0c20238bc47a3c3cc5fdbb8
19980602-03-008,education,教育,train,刀咏清长年辅导藏族学生西藏自治区教委授予他首届十佳辅导员称号,193,193,8b3d44c56c081927d6f958b13b92bcd696a41685ce3731edf1e4a23bf3a520e6
19980623-10-003,education,教育,train,从大局出发学习邓小平教育理论,1165,500,5c8b9e41908343e86b317a4fc7d0f399a4bb6c52a47e4133648c6034f8507cb0
19980522-05-001,education,教育,train,转变教育观念迎接时代挑战,244,244,0545db059670fec7e64feef38b7762135af10f6c8fcdb6d2c59abbaad0fe9218
19980421-01-008,education,教育,train,李岚清在邓小平理论课教学座谈会上强调,1010,500,5665f3cbc0cff0fac5d9e09fbd649c3b787981996a6e5b2aceb2eb65c13cab6c
19980515-05-004,education,教育,train,纪念真理标准讨论20周年全国高校学术研讨会在南京举行,241,241,3ef85432af7b6de214c6127bd6496a51c080e627a3de2bf95844d2af187e24ac
19980603-05-001,education,教育,train,培育创新头脑———两院院士谈教育与创新,655,500,1908364c759d45e374ba9109bdd2184c28f4c354e4746ff289d6075290ee51cc
19980303-07-003,education,教育,train,消灭赤字发展教育--加政府提出新预算案,686,500,099a76247efbfc3058b2f4f1d4140257104d2f0fb73964e64e26facb8fcecd9c
19980522-05-006,education,教育,train,现代高校的三大基本职能———知识的传授、生产、物化(附图片1张),690,500,505ea350d3206ebb46270f5aa2dc617b0ebd2e3079c05576dee5cf15bee965e9
19980407-05-003,education,教育,train,今年高考科目不会有变化教育部要求积极稳妥做好高校招生工作,419,419,6c03f8fd57b8c292dfcdbda5a1dbdbfd44c4520fb9e3bd02fb33899d42eacbf3
19980302-03-003,education,教育,train,今年普通高校招生一百零八万人应届高中毕业生升学率可达百分之四十五,186,186,27bf30489719c11455cac2c903a4a3c4fce90abe5af269d57015e43d119603ab
19980122-05-003,education,教育,train,北京地坛小学模范教师刘广贵呼吁培养学生『小主人』意识,463,463,2fb902973d76fbc197a5f6f353b826026613d6cfd6efd488a378397b24ccd7e9
19980318-07-004,education,教育,train,美国学生比赛名落孙山总统呼吁急起直追,270,270,47ee026c22fd3c252bcb9b4fc5ceb2021a4f09d5c30b72cc68b80586109569ce
19980305-03-004,education,教育,train,教师的心声,289,289,e00068d6ebce7aa537dba6f8d4da5541588fb0536d51984db8c235138b5e11c8
19980217-07-009,education,教育,train,柏林中小学生积极清除垃圾,184,184,84f19917d85c431b1e65308f7774329391115cf1c52db59ee798d3108155fec0
19980414-11-008,education,教育,train,改革课程教材推进素质教育,444,444,f54b4aa2819f140bf8dcf7ec30ec5088ddbb89a2a88e99c8a8bdfe685bc138c3
19980326-05-003,education,教育,train,普通高等学校教学工作会议召开,259,259,47578420a7ecccc376a29259336f50de7b67f396aa89c20070b705e3fb09d021
19980207-07-007,education,教育,train,居委会新来的女大学生,469,469,70d3d37c6ed6bb23d59d5ec3a611a6e10ca53a737924c845c27efe014555f333
19980529-09-006,education,教育,train,蓝天幼儿园推出新节目,101,101,e45482121d71ba509bc98ac593fac7824c47c699109c5a62a0660462f807b3d5
19980302-03-007,education,教育,train,马路宽楼房高观念新--北京师范大学学生寒假归来说故乡,470,470,443f24b70fcf3d3ec0171ded6d373ad31d5b6a2762f7fc78961286f8fada695d
19980427-04-006,education,教育,train,乔晓阳汇报高等教育法草案修改意见高教法草案修改稿基本可行,303,303,be8aff47e9b18b1f5577b8d61a69aa445935e5483674651868595434f46376f5
19980612-01-008,education,教育,train,李岚清在学习邓小平教育理论座谈会上强调,1030,500,97bccf3c0df170943bfe87e8b48dac9959ac9fd9735c11b56ef99c03949eb8ce
19980120-11-001,education,教育,train,财经教育如何面向未来(附图片7张),1635,500,3e231df46f5837f1cb74ffbc75cefe1e05c7c4fc5fd9cf062308b6cf82aabaff
19980331-05-004,education,教育,train,上海大学生跨校选课,287,287,0e8ad194f9f59117969c38cd8db5b0fb1d3a9f873e8b33d2efe9f77e525dfc40
19980608-05-011,education,教育,train,高考期间加强环境监督确保学生有个安静的学习和休息环境,142,142,a09cf99254c6d02f68c779be4b9e3e72be11efa182d7569fa11da8ec59275d63
19980616-05-002,education,教育,train,北京中小学切实关心特困生,243,243,7246ecb79a78b4ead18e98766080ecdc2c5bdaf899b89a22a408c8c57f1cd8ce
19980503-02-003,education,教育,train,世界著名大学校长相聚北京,587,500,724527922170e1a5fca38f1d33f6a9451398922410125007e03d74594b3dbbd1
19980531-03-002,education,教育,train,培养学生『三强』,955,500,2a3b28ab5c13b8b1ddff9ac5158fb9526e3c764e797450ac0afb37c42c878ea1
19980421-05-004,education,教育,train,云南大学硕果累累迎华诞,155,155,465f72cab8481d45d0fffcbd37314a3b787907d7380779cee00387468cbd732c
19980602-05-001,education,教育,train,加大投入力度创建现代师范广东中师致力实现教育手段现代化,619,500,6f9cb82d441028ab4d91e17fe4d4845b49ccdf4359f28316257bc085313ddbd0
19980412-02-019,education,教育,train,外国学生汉语作文比赛颁奖,220,220,46c4bd3e4bcf1e7a045bcd86d214fe3c656ba6a39670f7adc950a0a6c3a2e3ab
19980507-05-005,education,教育,train,大学校长议改革专家学者论观念,539,500,4f461314f3a2faee5e66d46a54ed6933b8607ca7278ed1fba847cbc1bb9bfe80
19980605-03-003,education,教育,train,确立体系编写教材培训教员全军院校邓小平理论教学成效显著,365,365,cf890c437c6647645f4a448e7a1aa6b41f45c4644f5194ea14a0bd4a986bf26f
19980523-07-001,education,教育,train,教育要通过观念、体制、模式变革和制度创新,790,500,c92de6561d6df2725239354cec22b8aca46d16982070a76c9556aaf4396f872c
19980223-03-011,education,教育,train,学高为师身正为范北京八十中形成优秀青年教师群,374,374,bb3ff2a1e490c13e7acb5bf85c18ddf65f0b8ab94a8a1fb8ba7fe86dfcfe28c9
19980324-05-002,education,教育,train,教育面对新挑战——哈佛大学校长在北京大学演讲侧记,311,311,d049022cfd351bea1dcda062d6b22f1e5ab826ea36b13f70df10b11109bb2338
19980523-07-004,education,教育,train,深化对大学地位和作用的认识,515,500,e0d03c6a2f7f42e25500fd13c3ac5bb3419c9f67163fb7fb7b1fd3ec49d7936d
19980414-05-002,education,教育,train,教育部颁发《中小学德育工作规程》,252,252,cf7c8adfe5564280ad09142a3475acdcfb8f0d0a88236edd43dae27d3006c36a
19980525-03-005,education,教育,train,吉林高校党工委整治奢侈浪费,241,241,c9b709603bb993c1082df8c124c2d0acb66e353f6d64c6bce5ffa716acd3a7be
19980509-07-004,education,教育,train,供三个孩子念大学的继母,1077,500,b1b0821bbe1e5347adff50d60d4a8115da717ebd863463a9a44b33f3dfb76ce6
19980210-05-003,education,教育,train,教育兴万事通--慈溪市重教兴学侧记,528,500,928c7c8dfc4814ec10d880d74ceb00171db82c2a58be149458a397bf123f02fc
19980622-05-005,education,教育,train,吉林选拔优秀大学毕业生到基层锻炼,123,123,68e5d84bfe52ee94b3667d53104a6234a0e3c935eb45f7a8dfe2277af89660b4
19980430-03-003,education,教育,train,乔晓阳汇报高等教育法草案的修改意见,414,414,8cfe8b2a49cb04f5681c7422e00bd0b432886b3d0ddbc793bbb4bc654c7763c0
19980403-05-016,education,教育,train,台湾大学生访问首都高校,136,136,54e0d16c65342300ca1f1251aad473a794e225b23459c75053af392f4e5856f2
19980504-01-002,education,教育,train,百年学府沐春风———三代领导人关怀北京大学,1856,500,2e06e8652e695580c317981f013201a0adc26cb1ee457a8e61702cafbbf27853
19980304-05-002,education,教育,train,联系实际跨越学科——宏观教育决策研究述评,726,500,6f779ce96f82eeda3457786f7f8da46b4ea67ee0ccb90a06054a978b3269e733
19980210-04-006,culture,文化,test,首届“鲁迅文学奖”评选揭晓,441,441,92d196e8c48d7b799722222a937104a1fdf14eb752d76be6f67487a06e6bd3e1
19980503-01-010,culture,文化,test,上海国际艺术节开幕,91,91,2402a48175659c37b1d9cc46f61d90c56ee1d9acfaa5df3b93ffeb5bd54ff6f4
19980109-11-002,culture,文化,test,文学期刊头条月报,720,500,912e3c4df1bffa2686d48197d4ad614c6b7f7d2b7ec85d6bccd6b5e624169b27
19980325-05-010,culture,文化,test,甘肃繁荣文艺创作,184,184,b737b77e49a68ad521a004e5fd61850f5435c45fa3c549e932d6c4c661220d98
19980508-09-004,culture,文化,test,总政歌舞团推出两台精彩歌舞,260,260,aed8eae7eb673801d3fc24fbe9318c541a591af7239e5312cf60c27794f7279f
19980122-04-013,culture,文化,test,首都举行文艺演出慰问留学回国人员,93,93,b00c19df5a06811489e3247214d5959d2bb8f7fa9f82e0c29b5e6176a709417b
19980105-11-005,culture,文化,test,文化营销一道亮丽的风景(附图片2张),305,305,0f8b0ffd50239efc3f546a96e94f1d9f117dcfa274c5074acf8176e778992ad3
19980203-04-007,culture,文化,test,书法家慰问子弟兵,89,89,af8abc01796e020aadb0d10e7a564d34bf6294ac7270d778f4f240fe79d1c5d6
19980214-02-010,culture,文化,test,传达中央关怀播洒精神文明南昆文化列车鸣笛启程,588,500,fc634ea8c2f1a0f47fb6789fdec2b32b74aec20c51af0f0346b17b9b06aa4c6d
19980423-04-008,culture,文化,test,百余文艺家万里采风到浦东,268,268,cbcc033b02187e53ccd1211eff2757afa1bea72bbfd6c05402699beffe15472e
19980124-09-005,culture,文化,test,诠释传统文化价值的几种观点,852,500,12512131d0d1b6699ae3d938a03ba65f51456970cc1237fd3feaa13b444cb26c
19980515-10-011,culture,文化,test,『面包车艺术团』受官兵欢迎,142,142,044fc42522ae96b677380b40dc7a883758229e2b062acbb050523aaac94001ae
19980512-06-001,culture,文化,train,日《时报》批判反动电影《自尊》为战犯翻案是危险信号,305,305,8a5ae7a7f9d367f8f05dd89dff49228695b9ec8287419cc36d2bdbcb95005264
19980418-07-001,culture,文化,train,吴门书林秀妙墨飘人间———写在《林散之书法集》出版之际,700,500,107729eed6f7687525c1f0d641627f170c48baa56e8f535e30f5946a9b6c3779
19980524-01-004,culture,文化,train,纪念《讲话》发表56周年学习总书记给艺术家来信,408,408,1e900ad4549bd87e4dd1d6c6d2e48cc5a18e668a2dcb2ed83c2fe6e88c589a7f
19980105-04-013,culture,文化,train,王琦美术作品回顾展举办,92,92,23adbb943917cb72c270cba7b38efa71d577d86b3daa233d030e445c1bc86b6d
19980129-04-009,culture,文化,train,比利时室内乐团将在京办音乐会,157,157,8caf5bf100eb573f36480fe50fb6045403b6234220e71600febb0ff6eeff3a8f
19980503-04-009,culture,文化,train,"应中华全国总工会和文化部邀请,青岛话剧院于4月28日至5月5日在全国政协礼堂演出话剧《工人世家》。",84,84,a71a68074c1aa6d399f0ddaf929670ff9c3d8a5cf98ab0b50f79524b8205dbef
19980515-11-001,culture,文化,train,郑乃珖的艺术道路(附图片3张),598,500,1fda48e2184f6caf3fdcddd3e832931a0e81e34a4da5ede5ec04cac3f8805204
19980210-05-002,culture,文化,train,百年书馆放架子二次创业造“大船”商务印书馆首次参加图书交易会,448,448,ff03b81d1f499e8c31f7a10012b832d78f05d24a8aa12443d0eeda502de0db02
19980528-05-003,culture,文化,train,给五岁孩子拍电影(附图片1张),633,500,457aeefdc4bab49e4fe5e1558ec03d54feddd5c3f58513c14ace2ff3a8475fa0
19980306-09-004,culture,文化,train,不朽的作品杰出的剧团英国艺术家今晚演出《奥赛罗》(附图片1张),456,456,4f509414957ed748e01c1c5d3f15706e4666dffcb25bfff705eda08c60d8a359
19980124-01-004,culture,文化,train,鱼水情深结同心携手欢歌向未来首都举行军民迎新春文艺晚会,501,500,f330a5c4d4caf296aac958f096b9e2431c714af4c79c2776bc595b3b6bc55783
19980404-01-004,culture,文化,train,江泽民为中央美术学院题词,191,191,5368d4c18ebdd06d60b5785036ef838b81960cb3b8642e12b7fbd3a824724373
19980510-01-002,culture,文化,train,李瑞环在张君秋纪念座谈会上提出振兴京剧要不断创新,521,500,f65faf4c37bf22579f3b6b0782a61bffc2695f26a3f4fcdd9e4bb03f6db148c3
19980118-02-003,culture,文化,train,全国文化厅局长会议强调繁荣文艺创作向建国50周年献礼,407,407,e4a084cae3fb49659eefbe47f2f94d881a76909c3f437568813a985803efe021
19980530-02-004,culture,文化,train,全国500余家出版社共襄盛举《中国图书大辞典》为书海导航,289,289,5d1f65853bbedecadf062f7a81e0f30e097da1331baa740c5df2471084c2004c
19980529-09-004,culture,文化,train,斯洛伐克国家舞蹈团将来华参加文化周,130,130,ea1055ae51b1b6fce783da000d4b2d13024e8416d1cb5b874dfea3b0ba563a78
19980329-03-003,culture,文化,train,巴西的新电影运动,1080,500,f53d9cd2ca65c1b55b95df22d974aca31b6f92626fbc7c1b211060879d0e768a
19980123-10-011,culture,文化,train,电视剧《达列什的草原》获好评(附图片1张),270,270,053beb63ea2646ae9f1181c0da09a31be7a5bd61ed4902bd4e7174788b333099
19980224-09-004,culture,文化,train,书潮涌过浪纷纷--从’98北京图书定货会看图书发行(附图片1张),1257,500,6a456d989b18e8289356caf2af3e9d64453ac9c1b248532643f9667ebb3640d5
19980109-11-005,culture,文化,train,九十年代中国文学十大景点,419,419,1db25c78a61b8119292c6d63d33fba8a1e9536801ad5c58ce19085e359cfb0cb
19980516-01-003,culture,文化,train,为文化个体户喝彩,244,244,d6a439685e14c89392758e15390468ea39d849acc94bac869ab291420d24c301
19980101-01-003,culture,文化,train,北京举行新年音乐会,607,500,7649748dc0fdc567aa4a5d1607b84bfeb50ca5e717cc4fadfff40b402054962d
19980327-09-005,culture,文化,train,迟到观众不发愁北京音乐厅增设电视服务设备,112,112,6ae74658cfc1e3204ee92058f53a1882d169f5578cab4e0cda8b0028cc8aee9e
19980605-10-011,culture,文化,train,电视剧《新孟丽君》拍成,133,133,93b5535ef247857aa077d41930448701e9994bf6eae146fff27fafef6cb4a991
19980413-04-009,culture,文化,train,电视剧《马寅初》座谈会在京举行,177,177,87a6d78a577ecdb2d9790d68c0c8c48d9f8c5dcd06a2137b37b47efdc8cd4946
19980515-11-002,culture,文化,train,书法的“方向”,873,500,2a99d88d4ea2b5bd0cdc91d645797e12500f4cfeadd78d21298b519f93090fe0
19980419-04-009,culture,文化,train,300平方米面积面对350万小读者北京少儿图书馆何时“长大”,585,500,8ddd12e2d1ec23f36a46b81b98bc4bc4172b23d026f804f3817efd4de085bbb9
19980227-12-009,culture,文化,train,《作家文摘》扩版,107,107,34f349cb4bb2de5d92fc3d8cabe2831efc9be231d682cfef9bdbd68f2a404c37
19980515-10-010,culture,文化,train,加拿大电影回顾展放映十二部影片,168,168,c435ce77af009215e1eb18ca01923576581670d2ea12ad5cde1e64fb31c1eabf
19980213-10-007,culture,文化,train,张汝财的内画艺术(附图片1张),528,500,6b00d98343e24944496dc91d0284c764e11c7db36d82a8a0f4f8885765d64277
19980320-11-006,culture,文化,train,文学期刊头条月报,663,500,475caa88cbda7e30f752605d3d0a9cd85b4dc17c5879c46cfe88f92efcacdc50
19980509-02-006,culture,文化,train,城乡基层文化建设步伐加快全国又添七十二个文化先进县,405,405,5a5f505577246395d4f797824946d3d572cf80f7e96109364ec44e0fb36502f5
19980507-11-004,culture,文化,train,今人重新发现“水与火的艺术”中国陶艺不该盛极而衰,503,500,0fd37f6f94992c4dbd2bdf1eda7c49af9883a88298ed6890334f97e26b20eb52
19980626-10-005,culture,文化,train,独特的建筑文化视角,644,500,fc6ef5bd7cadbe1261f4ffa9417767fc53269d7c98ec1f1e4162715ee021bc23
19980519-05-004,culture,文化,train,北京图书馆面貌新,299,299,c0dc07b3db7609c607415a75d6458d978e5ad9e3c5a8959ebe14d8f24d91fe64
19980604-11-006,culture,文化,train,神童书法家(图片),116,116,e4246ad95aa38b06327b14a437d84e142dd849dc944fa5e932d30c956305b9a3
19980304-06-004,culture,文化,train,大洋彼岸怀伟人--记纽约周恩来百年诞辰音乐会,831,500,8817994dad8db71f23b551ad5c4628b06cf250c1adedd56791fad4fb87660d5e
19980416-12-005,culture,文化,train,他的艺术青春常在———纪念布莱希特百年诞辰,1038,500,d37be9a396d757f04b7cffe260b901375c47be778d90b2d3af68f722ed816197
19980206-10-005,culture,文化,train,唱出老艺术家的豪情(附图片1张),166,166,7f73c66569b0427528e190a82ec6ab4a11260e1ec8cf6f5a1a85c35afa28dfe4
19980522-04-002,culture,文化,train,中法文化研讨会在京举行,98,98,ce0a65b64d2e58cf012416302aa216c3bf6324f275f46e7265a90603e731a4e0
19980302-06-002,culture,文化,train,纽约举办纪念周恩来百年诞辰音乐会基辛格致信表达怀念之情,303,303,0c03090b95bd938f4d8167657efa5f3c515846422d5582ec134db6ca303e691d
19980619-10-008,culture,文化,train,满台生辉———天津青年京剧团进京演出随感,800,500,ff659c84e02b28f7529c4ad01632f32160508a27daad7857a7e31bc9392234ae
19980621-03-005,culture,文化,train,美国音乐的一面镜子(附图片1张),952,500,5fe4eaef7e5124966df8f969d816b1912ebb8e09beb4eca3d119154cb74993a2
19980619-10-003,culture,文化,train,凝重感人的艺术力量,263,263,e4284f9d0e33baeee11ea496dbe85bc3fbfb78bef373d9bb137176fd7bf6f743
19980406-05-002,culture,文化,train,新任文化部部长孙家正谈深化体制改革发展文化事业(附图片1张),1371,500,1d59e1bbba9b5f4f6b1703be8fd621a01108892e3539be76fb84225625e42ec0
19980204-05-002,culture,文化,train,盈盈春水映光辉——京城春节文化透视,702,500,c0f4fe11214284d8fbc4dab3b9a734e7c9103c36cc8789d69c58c9a027fe0897
19980508-09-003,culture,文化,train,上海国际艺术节越办越有活力,476,476,1b4c61afd8503d40d7f41a02dc6f30395af4996b9f0e927f93b6df77d7afda60
19980226-04-004,culture,文化,train,《周恩来在上海》在京首映李鹏为电视剧题写片名,241,241,8c40944baafc969197778d47b0df84b40dacbcff51089dfbd236577f3b0f7e14
19980414-05-005,technology,科技,test,涂装前处理技术解决防锈难题,117,117,b7dbfa8fa3aa109ef968f0b12ff1e765a1b59355498578626d39b106268dd283
19980505-05-001,technology,科技,test,弘扬奉献精神创造科技辉煌中科院先进人物事迹报告催人奋进,344,344,670eadcf8ed9a4cd3d909ae1f16ea5590ff6126613501cd50cf393cf43ef989a
19980111-04-013,technology,科技,test,青岛市楼山乡成为专利乡,132,132,a007622c2e2e85e590c485294d20b05d7fca8338067b1b0918ecb97a382f06f0
19980511-05-006,technology,科技,test,振华、王义锡科技扶贫基金颁奖,100,100,f1da3f81dc2cfc3866feb3fa47252bdd44e65c2eb7343d25b76d10e6f0b0d9a6
19980613-02-004,technology,科技,test,贯彻中央军委新时期军事战略方针全军高级干部高科技知识培训班结业,403,403,560fadad9d477af63dcc9003f4b95b10fcde5291fa1fc5883abfb78ba4f5c6f9
19980516-07-004,technology,科技,test,天上人间一表牵———在休斯敦航天城看欧米茄“火星表”亮相,881,500,84d7b1fce11acb95e990889406d8c4208c817b7b339925439c63df1e8369f040
19980306-03-002,technology,科技,test,『两会』涌动科技潮,507,500,d0aec6e2802cce8d297145f0fc2458572b38fdfb4fba329af56463486837df2a
19980630-04-004,technology,科技,test,中美签署和平利用核技术合作协定,92,92,1a3630b9d15ba32c5c2f6c9ea54cf670de52b6dc9c0d9cca5af10a7acaaa8111
19980609-05-006,technology,科技,test,国际膜技术展在京举行,132,132,eb1afdd84b21e7f730cdf1ac9aa5d3d3da9beea009b8831bfc190b07f0b2a94d
19980611-05-003,technology,科技,test,发掘科技优势振兴国产名牌熊猫集团迈入数字化,351,351,7b23a58fcdd5edeac46f845088c2bd92641cf848aaede3f6c89e24995884538c
19980108-04-008,technology,科技,test,河北将推广秸秆气技术,113,113,417eca268a289efb834188df0209fc194fa8254e9a15ccc874df1842d6cb905d
19980407-01-003,technology,科技,test,电脑为上海人『送来』新鲜菜,235,235,9824def6df9278073bbd26c48a911e2f9888557e7cc543d5a9857b8b1c63b530
19980323-04-008,technology,科技,train,“科技创新与名牌产品”论坛举行,164,164,fd010acb3622a550c0d936ee30134765dabf00289f30bb59a92f2d15229bb754
19980117-07-004,technology,科技,train,信息技术风起云涌学者专家指点江山,977,500,f05808c06d9f24e292924c5091617ce149b043ba40125570c0a16a6c6df34853
19980227-07-006,technology,科技,train,网络管理欧与美意见相左电脑病毒十八月数量翻番,262,262,5d6d7b8144351299b43181ca0a2018e30a0403c9c9592f1fc56af60944404694
19980622-05-009,technology,科技,train,国际名牌电脑预装我国杀毒软件,99,99,af08ee9fef6ded47020d117b6a3e7ca3efbc0d60222233f0eed9f9cfb4404ec6
19980626-06-009,technology,科技,train,看好中国通信市场———访美国摩托罗拉董事长盖瑞·吐克,680,500,30503bc277225f68705895d058c92e4edf2f927f1c417d7e96b9cf986e1bf761
19980323-01-001,technology,科技,train,努力提高科技创新能力,770,500,fc760ea5cc815bc6244647e2a8455aa67401adb094b0dbbcdeb68fc963a35713
19980521-05-004,technology,科技,train,’98北京科技周开幕,120,120,d7ed4c33171a11697a64cd39b8e0195865967f666f392bc2cd99ae08fa0e6488
19980422-05-005,technology,科技,train,工程概预算软件开发成功,118,118,4c7f0662d866b914fbd75c96ffba71d85e4cef04592ac894963c09509f2e9f0c
19980403-07-009,technology,科技,train,科学家出语惊人银河系估算偏大,260,260,a85545987a69800c2ee64aadcb10047cce23fd7e5f33f72bfb94b96321b07f07
19980508-05-011,technology,科技,train,14个代表团将参加北京高新技术国际周,105,105,7ca434a3d34df37c2ea220650358bfd62f68f11d688b1fd3e0acbbfa7bd693d3
19980625-02-008,technology,科技,train,中美通信企业又签新合同,141,141,776fa5441a06050d9a1e05f5e0d95af0cff192afa713f3c44e189bf0ddb73e26
19980226-11-006,technology,科技,train,山沟涌起科技热,406,406,b6634225f59cd440b867b5766cdab78f9d81611c85f386e8bf75b4058d1a0311
19980109-01-005,technology,科技,train,国家科技领导小组召开会议,528,500,601cc1deba2daadb6f7310eca96fb8457858439c2c0f35c0ac0ca0711b70ff31
19980407-04-012,technology,科技,train,我国科学家破解“三峡啼猿”之谜,301,301,10490d53fb1d8ee16cc49e22e19b103141916d7aca78f9cf8afa663752245ef6
19980527-11-003,technology,科技,train,科技兴港远见卓识,534,500,65a2d7c25f385f1da9c012f2750a848f2ed0636ba209a8ccaaf193252684f1e1
19980325-05-008,technology,科技,train,杀毒软件研制有新进展,178,178,5c7abbe23aaa641b2ca581655f50d4259331a6614324aa8eb8359d4f725d2e1a
19980407-01-001,technology,科技,train,为地震预报提供科学依据我国大范围布设地壳运动观测网,275,275,bf964339a3eaa435ad6d63c085417b439df502027bfe2535d32e95ef266f601d
19980209-05-001,technology,科技,train,两年风餐露宿探得黄金万两中青年科技找矿项目出成果出人才,421,421,03b497981a17a8247c4e40139b9441e39a56414eb50eb95bf722bfd91d030911
19980611-05-005,technology,科技,train,瞄准应用目标实现战略创新中科院探讨高科技产业发展道路,242,242,7f78c7be3f2886c554971b27e608e76bd53ec119dfbf50d15463c6fbe1370aab
19980111-02-003,technology,科技,train,我陆上石油勘探开发告捷吴邦国要求抓好改革攻坚和科技攻关,519,500,fbfc7a523c1a0c68a1e92ad07626b2b7091457829416188e0ecb622f04a35d1f
19980225-07-007,technology,科技,train,日本致力实现科技立国,1243,500,e48740219e84611cb35455e9f3a53701f1b119dd684ec28405832f64a7ed6542
19980204-05-007,technology,科技,train,“第一生产力”的实现者——新疆农科院科技兴农速写,1522,500,e0c89f27979f2c154c40b79973cdb5dd9502d7c1b71cd483918c33cd9340ac9d
19980212-05-008,technology,科技,train,泽被大众四十年信息时代进电脑汉语拼音融入现代生活,336,336,ed49db3d8766aa81da2ea1540a7fd7c1feb85b544146e95281cf8fe6b32bdbd9
19980528-11-010,technology,科技,train,侯祥麟倾情科技基金(附图片1张),577,500,e190a5b5cfa1480092be60d9598487b50b3a9c0b5f59efe0bd56a3ed4179c9ad
19980616-01-006,technology,科技,train,李岚清会见海内外青年制造科学会代表,158,158,ffba2d0c12c177759cc3d10be55dc532e1b1a01e3d11586e4245cc7080628c66
19980423-11-001,technology,科技,train,电脑租赁缘何走红京城?,769,500,4a307cf0a987bfb60e9e23acd5cb4913349485c7155213df2e0c15514c89cd4d
19980513-05-001,technology,科技,train,激励创新保护发明---访国家知识产权局局长高卢麟(附图片1张),798,500,f72cc5894eaef9dead712884bc73470d1b7774c7ccb78b8566677f14ac8f9641
19980219-03-007,technology,科技,train,民政系统多项科研成果获奖,236,236,075fdade6d8fa3a32b87a7cdb08b6ffba7a37ac4057ab0084eeb4d230e75390b
19980223-12-002,technology,科技,train,《轻工业资源综合利用技术政策》出台,122,122,150283d644537d6345d7feacea4db5daa347ddaa7272fadaf9346c112de328c0
19980513-07-005,technology,科技,train,大洋彼岸电信强强联合西南贝尔兼并美国科技,245,245,e032a8b89fd20e9bd5379575e329c1518b58be42b99a8a45441660b194a77a5d
19980328-06-003,technology,科技,train,赵锁祥:科技至重(附图片1张),298,298,2d7ac19a3b3fd3a8592b5450194db7eab2bbe03c0abbc527c9874d0ef654f818
19980611-05-008,technology,科技,train,国家科技进步奖初评揭晓,100,100,3f19754bff380e45f07f81c0de500e50449a6cc3f64f0ced729b3ee8d2fe2ea8
19980420-05-001,technology,科技,train,目送火箭腾空起---记酒泉卫星发射中心特燃处总工程师邹利鹏,573,500,84a0a57c91526b6cab3ccbc8a8ae0ad675f59876a225ff71d105e1d5b68b7fa4
19980212-05-001,technology,科技,train,古镇科技交响曲--记改造传统工业的『科技厂长』吕信贻,1253,500,aaaff80032bbb23743a324e81f8a1ab6828a0bd6c7453c52c0b3f56cc37ed3c0
19980326-11-006,technology,科技,train,健全机制点石成金——专家谈高技术产业和风险投资,716,500,0a09bf914c8824ea82ffc15cb92aa116b814ce9e4b123a3cf44b2db17d10e154
19980416-11-005,technology,科技,train,泌阳涌现五千对科技『鸳鸯』,287,287,b2b4b366dd354cc50e0e658038cc7083a5c83e381dfdfd87f2aa215f43338554
19980304-05-001,technology,科技,train,秦皇岛市开展科技女明星评选活动巾帼英豪受尊敬知识女性成明星,354,354,b633f12d8b90f03bda0d04441d67cd54ef7d2953af306075e20c531c805eb1e7
19980330-05-004,technology,科技,train,杰出青年科技创业奖评选活动开始,154,154,ec7ec74064a84e905962f32a6d6bdc7fa3d94ded777f73a611748c0f17df85a9
19980319-05-010,technology,科技,train,沈爱琴:靠技术进步出效益(附图片1张),329,329,8a831dd79e69fac5f9f0aab9f1b4844357935b418c9009783a8f148a73c20d6d
19980317-05-010,technology,科技,train,本报网络版昨日访问量逾百万,83,83,b1be459ab18bc8faba729050120a5cbd34442b93707dfbcbcd6362bf9ee2c53c
19980330-10-004,technology,科技,train,国防科学技术工业委员会主任刘积斌:组建好新工委,411,411,4198d2ab2a6ad0c61ffb4d2a9dc7183195016e00d55bf444faadbb58c3018d06
19980325-05-007,technology,科技,train,面对外强压力排除协调困难『联想电脑』重组求发展,341,341,a260dcd9357b28aa57562c7535cdf3c0f9b1112c1a4bd95bcd64fa523acf29dd
19980105-12-003,technology,科技,train,京城“网络”热(附图片2张),92,92,e8a81f349a4cc06401913cf0d023d2b94372ae51d0912e355774e6b314bb6f7d
19980612-05-008,technology,科技,train,科学家提出下世纪百道科学难题,241,241,c06849f50af562b2c1ff52e7b453e4d19b6bc1f3af3c816223154a355c5e48f9
19980408-11-005,technology,科技,train,香港引进全新电脑押款箱,119,119,978cbec6909cd901da3efa8a5d44dbdb6616782e8bbcf966e3636ac9437e9ae7
19980131-02-012,technology,科技,train,香港特区政府互联网页备受市民欢迎,161,161,c65f16fd679d6018745493427853f66d06f843ad85385b9a4efb8c11f5709500
19980317-09-003,technology,科技,train,科技兴永济(附图片1张),521,500,ffa004c11b5a8111854e44027b94efb57bc901c6b8a312f0f6f2dfb1ecef8b92
19980627-01-004,technology,科技,train,国务院办公厅举办科技讲座李岚清出席听课,281,281,08f30e5ba033968c1d48f9a3c935c322710619bbe3afb8abe4b0a286591654d2
19980421-07-005,health,医疗,test,宝洁资助中美卫生研究合作项目,175,175,dd20ee07f58851bf5a3749eb03473f160c234ac75738e698e8a9d1959d84953d
19980519-02-010,health,医疗,test,关注群众身体健康西宁处理『垃圾猪』,258,258,884f3b86cac64ef7574d6b6c970568de46da3ee460f507149811820be0241213
19980518-05-004,health,医疗,test,沈铁吉林中心医院改革见成效,329,329,32726549ccc5afaad59288918dbe10a1b31bcd28575ea538767629cb7d3653e8
19980107-02-005,health,医疗,test,吴邦国分别致信全国医药和轻工会议提出,622,500,98b7cf20d69c293033c581b0d62ef2a049cb6d74b03a8e359cc031aacf409ad2
19980518-05-007,health,医疗,test,国家医疗队赴遵义助残,130,130,2e3d8ccbb89a11d76fc4b9e91fd1fc38d87840d5e191da9bdf5d2d17b1feb34a
19980416-05-006,health,医疗,test,南京脑科医院为病人办实事,143,143,5b314ecc3ffe03c058a6741ab5d2e1b81ca4dbc951431d3f997690a1a6909cc0
19980321-07-004,health,医疗,test,居家必备《家庭医生》,327,327,3357e6afa213bbf11578dbb70414c096e6f121fd76060b92c0b4f6ef4695ef0a
19980120-05-007,health,医疗,test,医药优秀奖为科工贸架金桥,198,198,416bf23ae6672778418019fa17b1be53f6e9bec4f61274a8620d8e303ba1c52a
19980217-12-005,health,医疗,test,高原女儿不逊男——云南计划生育工作拾零(附图片1张),745,500,8b63216bf92027e0103b18fd3fc66680882129e01d1c805beb6795a04abe9b65
19980114-11-008,health,医疗,test,『只想做一个合格的医生』,434,434,f26f40b83368c07cb6ba656828be29ffdbd12c7c66bf0b777c8b2a5cb7d35a82
19980113-03-005,health,医疗,test,空军昆明医院实行医疗帮困,119,119,b7d8bcf1f6e8e2aedd379fb59244c66c8d93b1611f76b66b15a917196504c51a
19980602-09-005,health,医疗,test,哈医大二院---送医药下乡设扶贫病房,346,346,7e56299a26969fac5565fc92acab8f89e81346395c1e2511b9795a3a9608a7d0
19980206-05-003,health,医疗,train,春暖血癌病房--春节走访北京人民医院,719,500,c6a21e6633a4528c848326d523f0902370821e0216cffdcc428d0f6cb5f6950f
19980403-05-002,health,医疗,train,医生挂牌上岗接受社会监督江西省人民医院擦亮服务窗口,253,253,339691e4e150fd6847733c6c2e184b479037f4e53a802263d95c42d860e05451
19980414-12-009,health,医疗,train,中老年保健有书可查,84,84,41c775157cf2db4308a8fc3f3414d2d48ae9a35734c336ba5996581367a343ab
19980316-01-001,health,医疗,train,中央计划生育和环境保护工作座谈会召开,2771,500,a54bfeb06364fbab90af5126153fe7b886720ce51ae0193e1280041b4dce68fc
19980515-05-014,health,医疗,train,中医药治疗腰椎间盘突出有特色,91,91,62772ad9ac40206a177f5e1b7892fff95a04debe5fa70a4916817c31a3a07be4
19980415-05-001,health,医疗,train,城市文明大合唱---江苏卫生城市创建记事,1244,500,381be1e5739b8aac3df3bb3c84c52af0cfc25d092a048c92274740db18c1f27e
19980318-05-008,health,医疗,train,提高群众医疗保健水平,410,410,2e63064b91235148bb76fd483fa7c193f9febb3889534e8ee649192cd616e310
19980405-04-004,health,医疗,train,北京市属医院试行内部结构工资制医疗改革从人事分配入手,247,247,4e33873e2626b05533f1209a42312b83a09f22cc2e76b43e9df768a8868f93d4
19980601-04-011,health,医疗,train,北京儿童医院启用排队管理系统,129,129,e291e8861689d5e53bfadf34fe09d259fb90413b827b894fde5ad928bd109caa
19980301-03-004,health,医疗,train,国家税务总局要求加强对个人从事医疗活动个人所得税征管,353,353,7d2f1bfcfeaab935f8de291ddae3930e7c96de5694a2aa8ade704acd4d2cc82e
19980408-12-002,health,医疗,train,医疗扶贫献赤诚(附图片2张),475,475,665e09288e3f14c716e11bed7e25a70132045f665784eeff6da37b864f4919a2
19980325-09-002,health,医疗,train,癌症患者的『生命之歌』(附图片2张),1208,500,15aff511edde98373a9fa015584a68713f032c991b62ed6809c738a2ad5f1313
19980426-01-010,health,医疗,train,医院无休息日好,195,195,4a3b2f717d07a74e5b1cabb799e9f0a72e19e1a9eec7a6f891d77d2adef7a973
19980116-05-010,health,医疗,train,随州一医院人才脱颖出,240,240,d2ae4e13da43df8bf00b1cbc12ed65065e6b8a68738c125ea89b8831aced9b07
19980428-05-007,health,医疗,train,不开腹无切口宫腔镜手术造福患者,100,100,6376d16ff8ba0777f3c1943546d5893365aa6930786de423a4ac8e4c78970c7f
19980113-09-003,health,医疗,train,济南社区医生入家来,407,407,5a0b1f4b2a6068be20ae61d5c0b2576a9c419e5e887af209b134909d3403bea0
19980620-03-014,health,医疗,train,人类攻克癌症尚待时日,283,283,2e6624e20a303c88cfbefc682c371491a7dd1a3d4be72eb31f8428ea5bb91b72
19980305-05-003,health,医疗,train,唯愿掌声变诤言不让鲜花遮隐患曹县卫生局把表彰会开成揭短会,533,500,8e3d123405f103b857271528c36cd6540758d823fef08f0ad7883ada79a87baa
19980415-11-006,health,医疗,train,中医药对精神病的治疗,665,500,b6c1624e750e082da04ad71b34248e1d5d32a073b152ba1038f8d6238c81389b
19980601-08-004,health,医疗,train,首都评出健康儿童,80,80,969ca4a099e29f55ca008c96b7ca10bd570513f260b33f6788c9593bcfb44943
19980616-12-001,health,医疗,train,刮目看榕城———福州市创建国家卫生城市活动纪实(附图片2张),1729,500,3904193c36d5e47f263ae7de963bbb5cc891a79e7659a8592217cdac9f6628b4
19980105-05-003,health,医疗,train,今日『送子观音』——记湛江市惠珍联合医院院长梁惠珍(附图片1张),626,500,efec2824ab2ffa578a5c1bd425af9283c6acddaf7edd0269db0ed8ccf5046428
19980603-05-004,health,医疗,train,二六四医院为下岗职工办实事,280,280,abc5dab68a0addd690ae528dec0c20ad5496f30db624d55ad4fa776c31afa205
19980604-04-005,health,医疗,train,白求恩式的好医生赵雪芳逝世,253,253,7ad05481b27131005d2d07bfdc624184df2481589d3d12bdcde9f66a1a5ad420
19980512-05-002,health,医疗,train,“集装箱”式野战医院问世,392,392,7865d07793d8142e9ad2960187d94419bd2a56bcb050a7966c5ca19b9e097956
19980111-02-015,health,医疗,train,保健食品市场整顿巡礼活动开始,121,121,fe7efa340c2b8c6cfa66a1653f10cf9ec0dbf6df82751ab2bf1cbfb26336d097
19980222-04-002,health,医疗,train,本报消息引起反响外地患者问医津门青年女医师刘津成为医院“名牌”,257,257,e2c363c95a853e5d11a3cd01e8d3b302b5685297a167c203f55814c272b02522
19980217-05-002,health,医疗,train,彭珮云在全国中医药工作厅局长会议上要求,436,436,7b756db9c85d56179feeb87b18d7b7d20f395fcceb6a0129e0c451c7f6f69eb3
19980122-05-004,health,医疗,train,变坐堂看病为上门行医许昌社区卫生服务方便百姓,355,355,f1f38dc306d15396845c6e1dea192e550251cc293e75420df8e5b77d5bc983e1
19980630-07-009,health,医疗,train,与艾滋病有关的新基因,121,121,2be8f826206add2f7b68f86b547907eb7b696da5c6d19dd89b6205838cc6a410
19980218-11-005,health,医疗,train,怎样面对医疗纠纷,500,500,071fe5c4194460e2d64fa94a8a1fb4f9e78fb8ed79b3ed46c363c54c29ffe1b7
19980520-07-008,health,医疗,train,厄瓜多尔百龄老妪跨鹤西游终生俭朴健康长寿,175,175,609f57fb3a1b8afd669f27bf545a0070d5feb1ee76e1f500160ba2ab3c22b86e
19980207-03-010,health,医疗,train,厄尔尼诺对阿格外垂青赐厄怪异疾病,205,205,d632437eeb8df964e9f39ee42931c11b7b8670b18a88a81da742d1d4a2b9b987
19980327-05-001,health,医疗,train,为急危难患者着想南宁二医院开辟『绿色通道』,540,500,d63767acb99d015eef02ffbd45b5b6dca2a0b6f060c7d3651dd742a7d6c7eddb
19980605-05-010,health,医疗,train,苏州医疗器械厂热心为眼疾患者服务,133,133,4f9af6c086ddae06d7f2765306295820badc21e9fc96d92ccd576375197899c6
19980512-01-004,health,医疗,train,世界卫生组织成立五十周年江泽民主席致电热烈祝贺,251,251,23b67b4ce54babb5626ee2af9c61f7c977dd39ac21705248ddf5fe5c93077e43
19980625-04-009,health,医疗,train,葛兰素·威廉公司援助我国医疗事业,135,135,5193e27ee296b5e52dfdc06bb51a9ac0803fd6b1f9dd9b69eac0fb70127eb5e3
19980124-04-008,health,医疗,train,民政部慰问解放军总医院住院官兵,148,148,88ac925738e02815865b1ec32f98d5ba71dfa2f1c298e0e4ea35b720b6a52b96
19980115-05-008,health,医疗,train,南京总医院创奇迹救治重度一氧化碳中毒患者,270,270,3614d6c8da987db6e2bdcde90e9961268886b4bac2f4735356351bc2099079d1
19980617-04-002,health,医疗,train,把青春献给红土地———记南昌市新建县大塘乡中心卫生院护士长李燕玲,1126,500,9dcd9278e8f4d769614fa5945d85e9148193c8d4c77c96a074053c066c0ac6ec
19980304-10-014,health,医疗,train,一位援外医疗队员的心声,184,184,d46c60353f92e07f6a1ebb78c828ce866e11281a6fe1e84e206c96ed55a1d0a5
19980607-02-016,health,医疗,train,国际爱眼日北京复兴医院博爱眼科中心在行动(图片),94,94,0853548959f0c4173fc95b3154d8617b4147f3835c44db7a1aa2a7d30af13ab7
19980630-05-002,health,医疗,train,首批国家卫生县镇命名,268,268,216aa66ac213d3111063641753eff7231a240ca2cc1d787ed509cf30b7d22955
19980116-04-009,health,医疗,train,北京军区251医院在灾区建起临时病房(附图片1张),193,193,2731724d4419a89dc4c5cf28e4a4f32f30d957f51fb95befaf5b91740eaa4aba
19980417-01-002,health,医疗,train,让卫生下乡制度化,199,199,585f6c598eadff386b445eb56708adc39734f1b94a81c6b493b931d10e6d0d3b
19980414-12-004,health,医疗,train,做患者的良医益友---类风湿专家李振华经验谈,714,500,f09580eef3424f9f9d3c9c9c11c1a74fe885d99c877dc07490896877bcd2f7f8
19980629-05-017,health,医疗,train,中医药学会研讨护齿,83,83,fb497392507a35fd2dd93d760a5c5f81cae0eeb99b0abda79a7a387ff8897b31
19980614-04-004,health,医疗,train,化隆县乡镇医生工资被挪用青海省领导批示坚决查处,264,264,d1ed6b7e670b4cddf88ae2d0ac0c0f7eb2922d3417f5c4af7ddc928e4f250791
19980408-01-002,agriculture,农业,test,江西:激活农村购买力,1085,500,977e054949653ceb2a4eeb07378cf4c6038e168246cc61ec7af905abd6c34a5c
19980107-09-002,agriculture,农业,test,从安徽整顿前的情况看——农村电价缘何高?,1868,500,11c6eec020c6a10addd9b87c2c0584818e2c881c7d01aa235fe633c9f7210aed
19980518-02-004,agriculture,农业,test,切实减轻农民电费负担新堰承诺农电最高限价,276,276,19838f3f9fb2c89c280db88b464c7757093c32bc2c138bfc0d5693975a6b5868
19980622-01-009,agriculture,农业,test,坚持粮食顺价销售制止亏损挂账扩大四川加强粮食市场管理,316,316,5d9a5835c2bc0bd3664ab8e5072c98158563d01291e54ee2fd4fefc45dc6e53b
19980125-09-001,agriculture,农业,test,挑战与机遇同在——访农业部副部长万宝瑞(附图片1张),1176,500,497bc0871567602caa1bfde909aca3b9a89e834195107fa601bf6b6fce15ee3b
19980206-05-013,agriculture,农业,test,『新玉四号』突破玉米种植禁区,157,157,6ab8815e9fb920be2288dab83ba94a10c722211ddf4ea70bebb926a560749313
19980505-02-009,agriculture,农业,test,沪郊种植特色菜,112,112,cb582727a2755f629806507888f2f8fbc8ca9806d92bd64a05130b9e32618d0d
19980521-01-002,agriculture,农业,test,着眼农业开发着力基础建设积极开发开放黄河三角洲进入起航状态,565,500,a400ba89ba38484af1e7ff0bccab25a7d4cd921eaa43f110585b6d2eaecb51b5
19980526-02-002,agriculture,农业,test,语重心长话粮改———朱镕基总理与一位县粮食局长的对话,1202,500,84157175e5850635f8ccc2f58580bf3ee26fd601cd650883eaea6dbad9f6a005
19980122-03-004,agriculture,农业,test,全国农村妇女『双学双比』活动取得新进展,255,255,cea4fd13a31549a850a9d70f41dcff1f7e484a013f903107c1a4e0a622c151f2
19980408-02-002,agriculture,农业,test,特别关注农村消费者,225,225,6119e31feb1926a8d104652b7c1db62e94f65bbdbc4ebe51fc8e784f0bad8cf4
19980309-05-007,agriculture,农业,test,安徽依法建设新农村,371,371,8fcee4a3ee711c65b5418ed2f450d05195c4fdeea268cafd53f5c8258c41f12e
19980416-09-001,agriculture,农业,train,信息:离农民是近还是远?(附图片2张),1114,500,8f680aa9edad3ca03a94d1c4b4c93d99acae0e6097e6237fc810f71b70bd1625
19980205-09-005,agriculture,农业,train,金家疃村:让农民自己算收入,465,465,2c31a11b756f5727dcf6b225942c127dd2130948fe5367becbbe86e0fac5ebfb
19980602-02-002,agriculture,农业,train,农业部通知各地农机局支持下岗职工参加农机作业,255,255,ae4df91cfebe6bc634ede3f611e6f96ef70147cb8bad2d3917e7a4f8b685b3a0
19980108-09-011,agriculture,农业,train,改善农村公共管理,378,378,8a65839297015e039039c8a966520a1dfda97c5f2bb5bce24b467579041a5b72
19980407-04-007,agriculture,农业,train,温家宝会见加拿大农业食品部长,81,81,9391cb51c36fee214899d8b606a0ce1c7b42df503e446850baac60a35dd74632
19980603-02-003,agriculture,农业,train,五省区首次联手出台区域性粮食购销价格,291,291,f258199a049a4b44b60d3bc38f6458606c8cb4eadf00ed9eb5559ab1ac69e7bd
19980104-01-002,agriculture,农业,train,小水利遍山乡——费县改革农田水利建设和管理纪实,1734,500,44c087adf859bf50830c97a216688218f07dfe41d03abb345e10ef796e66384b
19980204-01-007,agriculture,农业,train,治山治水改造农田种果种菜发展养殖庄河农村舞起五条“彩带”,304,304,ebaba1c99bf2b0f86247d1b48b66420659466519425c4102e11787585aade970
19980515-02-009,agriculture,农业,train,拓宽经营思路就有挣钱门路任县供销社为农民浇地,241,241,b5d60918964fa943a7d57ff54c29d949484626d21e62b453cb935c70eedcdbdb
19980402-02-004,agriculture,农业,train,农村稳定的两个方面,195,195,e9a8f9f5210c2f3617bd179a08a536999894c195cc3de02b9ccb07c8aec5a3a9
19980608-02-012,agriculture,农业,train,抚州粮食系统多种经营无闲人,345,345,26df1280c7761eb87b581560781c73b53bd28efbd207322e33dfca290c5e853d
19980617-04-007,agriculture,农业,train,温家宝会见日本水稻专家,82,82,314cf97bdd13b4363a653a05a32393b6710dea235a06baeebfbaab1f3bda39b7
19980306-03-005,agriculture,农业,train,江西开拓农村大市场,396,396,1c253ff6af86f52b073e51bd80bb51d86939870b77f6d8bc5f9819e59295f780
19980226-09-009,agriculture,农业,train,建设都市型农业,445,445,2e276f33d07f05b4458fabc8a35e078cc80c2d3c6cec5aea135bcb601a736393
19980409-02-010,agriculture,农业,train,河南改善农业生产条件,87,87,ff9702faf9bd9cb271e0cc2fc8ee318be5ce3d22b0aaf42b4f5e5102b2c239d7
19980608-02-001,agriculture,农业,train,现行粮食流通体制究竟怎么了,2256,500,e302c00e8b1929da7a5cb70b133b65cce6c3e3d1095b6d24ca423ba2c9efa146
19980219-09-006,agriculture,农业,train,符庄村种植袋料香菇致富,179,179,f7471c2235cc838c2738d493ff6a74ab9736d5449ad12b6e3c69283a7965354f
19980110-01-002,agriculture,农业,train,稳定和加强农业,1248,500,0ff21601c7d3079654051e909e966977bf02c11e818e9e856b4e8df3c5bab4d7
19980110-01-001,agriculture,农业,train,中央农村工作会议在京举行,2694,500,b0323560e6edf765059a2b180516649ccf6960da86e6c8a07fa13c08120bf39b
19980417-02-006,agriculture,农业,train,恭城大办沼气农业生态改善(附图片1张),291,291,2a99cc72b1d9f4b206c095af40bb0a5f2616a836f4d374c42c9992317f776fc5
19980321-06-004,agriculture,农业,train,塑造崭新的农民形象,967,500,f4c8e98a771012f5146ddf205667845b907eb833883d2a08444c8d051562b8ef
19980308-02-002,agriculture,农业,train,李鹏与政协农业界委员座谈时指出保持清醒头脑高度重视农业,756,500,a2ac6473508084bf534e345a8922d05842b8a816245cdefbb262ba84ae6e86fd
19980506-09-001,agriculture,农业,train,『三进三桥』好困惑---枞阳县白湖乡三桥村农民负担重,1171,500,de3d03dd09be09a34ba8982ed196c9c184acb7050113e96da756b8f4c2303e13
19980218-11-001,agriculture,农业,train,农民工与中国城市化道路(附图片1张),1451,500,08ef26335615e805df501854090f0c8c157823e52544208844ef2d19d32808fb
19980101-02-007,agriculture,农业,train,温家宝在贵州农村考察时指出动员全社会力量打好扶贫攻坚战,595,500,ba87f34a88e69ad9610cde6b930e8e5c65d08cbb84aaa7b47db9dabcdb61d1b4
19980315-03-001,agriculture,农业,train,甘肃加快农业产业化,298,298,868676d25687cac44943e156560ec85edbd7d71fcb05863a9af410f0bdc0a828
19980517-01-002,agriculture,农业,train,造地修田治水改善生态环境甘肃农业抗灾力增强,247,247,3cd976bb7be29af07ff02924c6b82ef6bc34fcc46ccbe2ccef983968516ecf31
19980209-01-002,agriculture,农业,train,江西科教兴农惠万家农民年均纯收入增加二百元以上,282,282,aaf31c3d3880373b7c41dcaa63faa14e1f4ced6454ee6bec69d4f2b7f4f752e6
19980402-04-001,agriculture,农业,train,村务公开民主管理福建农村干群关系改善,407,407,a8282461614d53f2c12b0be7b254bec8212e4ee92c52dd24875ad4c2f1bb841f
19980407-09-004,agriculture,农业,train,心贴农民全盘活(附图片1张),468,468,1f61bd0ab9d2525d137a88cef4f58a12e588f6de48fee4435ee4e0830528bbcd
19980511-05-002,agriculture,农业,train,周期短见效快效益高甘肃渭源发展高效生态农业,428,428,9543bbed4de92d68526e2cf00c5aa20955b615588dae79ac96ae71ce0b7e8756
19980413-02-008,agriculture,农业,train,农村新事(附图片3张),125,125,505db815af951d330e280a52853e0be9c3ed07a4242eeb57d9c7b5c234ce91a0
19980206-04-012,agriculture,农业,train,干部走进麒麟山农民过上好生活,248,248,b36ddb22cde27c34cba3cbdcd2cddcaf5888958769843b64ef847cb42495cb15
19980604-09-005,agriculture,农业,train,“土农民”成了“洋专家”,263,263,13d8d6e58de7187afb5300f704d0a1a01a9b4d87cefd287d05568cca732603ec
19980406-02-005,agriculture,农业,train,走南闯北建筑忙信阳20万农民脱贫,215,215,ab34709f5f9f57923bcfa6ffd609cca569dd481defbe2d3be5f81c90f071cb0d
19980326-02-005,agriculture,农业,train,全国农技推广服务中心发布预报今年主要农作物病虫害中等偏重,148,148,cede254b0442bd6def082deab40a6722a9cb3c776e02dacab7ed4d858d61ce89
19980429-02-007,agriculture,农业,train,农机产品质量认证制度将实行,172,172,94daaed0cc09adb09f7a6b1012f7518e00aa48adb65681ec01d9b37e728ec280
19980318-03-005,agriculture,农业,train,庄稼勤打理谷贱要帮农———与广东农村来的代表夜话,388,388,8bda14ac16c0dff5076f5bca069a98ccf79591b39bc979330a44f1323af6a75a
19980605-02-008,agriculture,农业,train,农民与信息,359,359,a9f14b770fe0b205d0c4cc6d9e5fdde3db52d26a5b459b026261a49d6f7f549c
19980407-07-005,agriculture,农业,train,巴黎最大的农场———第三十五届巴黎国际农业博览会巡礼,674,500,a46f7b0886f570ff997867ef930c8459db432e589137410e855dcfa86a9cffe7
19980114-09-002,agriculture,农业,train,一年减少农户支出2.6亿元安徽农村电价降下来了,1347,500,40916cff02b9663452fe091d01559160994cbb1389f463ffd86e700fdc5108fa
19980108-09-004,agriculture,农业,train,促进林业建设产生质的转变,459,459,308c68013e0256a5effb6038d5dd133308cbb3cf2605483dd27f2212b552fec0
19980113-02-005,agriculture,农业,train,中消协确定今年活动主题为了农村消费者,102,102,e5ebc60dd5bcfb7e5c763b2e639748a0439e2c56c75b825dd527afcef3fcd4ba
19980112-02-001,agriculture,农业,train,继续把农业放在经济工作首位——论今年经济工作主要任务,703,500,6c441d5f1df91ffb6064d88b9068b2a8add97b7bd7a0e7807ad6adefa9efe1c8
19980405-04-010,agriculture,农业,train,浙江农民半数已非『庄稼汉』,82,82,cd3a0c2b850b4150cd1494bc635f536550dcba479e5f2ebef3e6305d08f434d3
19980226-09-005,agriculture,农业,train,加快农业大省奔小康步伐,487,487,ecdb748444c92ebbd79926964435a98bea1ee4e04846d2e34e6201fb7defc77d
19980528-02-007,agriculture,农业,train,改善农村消费环境,349,349,6b69936107765704bc0adc1b889638a22558d9183ece1c6ec551d9aa02b251cf
19980326-02-002,agriculture,农业,train,农机三包规定发布,254,254,fa3e6381d7eb3eb0ec31cd4794773015405cbcb8c4b1df11b582d4b813808a9b
19980121-04-009,law,法治,test,专项斗争力度加大禁毒意识深入人心去年禁毒工作取得好成效,346,346,85979768c688814b8974a8ba37bbdfca7d762efcceecc04a8d1c09ffefde9842
19980518-03-007,law,法治,test,抓班子带队伍促业务保平安常州公安机关构建形象工程,412,412,bb270cfcdd62f1df92a658069581e502714dcd4b14fa1ef86d30e0730e02d917
19980613-02-012,law,法治,test,顶风违纪接受案件当事单位宴请范县一反贪局副局长被查处,252,252,117d3fd584146d0e5c7697556a0ffae9603aab9b48b87d8ad2a5b778b900ecc9
19980311-02-002,law,法治,test,最高人民法院院长任建新在九届人大一次会议上的报告(摘要),1411,500,e1cc4c68224f2f2aa137e5dbb30a50e38b52b2bd436754a5d77f0947e83ef92e
19980322-01-003,law,法治,test,"为加强社会主义民主法制,推进依法治国而努力工作",2247,500,ba4b26f15f660347de503a2410790d0297c860bc832af233a476fd263c238da5
19980422-09-005,law,法治,test,法律岂能『打白条』,445,445,bf18c09da1338fd162e3ce05f3dcf6cbc0e4280a05aa326b523e467eedb9e72a
19980119-06-006,law,法治,test,土宪法法院取缔繁荣党,163,163,83908e0f1b9789c18955b77e17eeb84dc08769ceb5115c6607987613afb54f1b
19980416-03-009,law,法治,test,辽宁省检察院强调处理谭安州一案绝不护短,358,358,d4cec961ff2d92dfe1985083a3599b8ff700711501da17ac5df339e4af2f752f
19980523-02-010,law,法治,test,全国人大执法检查组赴海南检查海洋环境保护法实施情况,195,195,f00a493ee3d7730432783d7ef8a36053d8a4342d18524bd26879eb3446c5cf2e
19980504-02-001,law,法治,test,推进国土绿化的法律保障,632,500,18f6eda4471efcdf2dab5d6db55b9a90156444fd428b1cf55d51346f6e425d48
19980320-05-002,law,法治,test,强化执法监督推进依法治国,995,500,22a458a265c3b2195934f4efca3037175373c533ce7a1bd4da7f6d20246e032c
19980405-04-009,law,法治,test,做好下岗分流的法律服务天津人“买断工龄”作公证,201,201,be7f22a1dbbf1956cd6ef0fa07f8936dce3857791885e0b0d8bbf494bbf403b2
19980415-04-006,law,法治,train,精简机关充实基层鞍山市公安局增强警力,368,368,5ef694e4f0c88d4832c01abfc824c54b5bbabd69c9990d2cfc6c1537c9653f96
19980106-11-001,law,法治,train,文明风景线——记长沙市公安局交警支队(附图片1张),1017,500,80ebf9ed2ec840a5d9cb044fd24b536c0c7b9cf7186c61166c28a51c2e09f340
19980529-03-008,law,法治,train,金华百姓赞公安,144,144,deb8a2728b0e9b751cffa9a5e4fdb55841e03de460d4f6380380fc7c648d08d9
19980401-09-009,law,法治,train,郑州铁路警察勇救女孩,151,151,9b0946157efa88182188d89491bd33750fa7d860bc7dd69827facb2cc1f23521
19980406-03-007,law,法治,train,坚持依法治国方略(附图片1张),523,500,347d5e6948ec9ddd1cdcf7af5045992f9d2cd3bd4fd80fd1e164f0abc4cf28a2
19980415-03-006,law,法治,train,青海严处法院违法违纪人员,194,194,dc97ff51c869178820cd5f1bbee1b0dc51223a387007181fcc8f58058f273005
19980401-04-007,law,法治,train,铁路警察抓“李鬼”,403,403,aba91bec46c3acebebe26c287480eb58f5b56b023c0350a112ad9ab409b1c3d7
19980603-03-008,law,法治,train,强化监督机制树立良好形象禹州法院实行“不廉洁一票否决制”,388,388,4e2413007768f80222c76e08ab65822ba1d3abd8194ade2e56c4bf6191652585
19980527-04-009,law,法治,train,最高人民法院宣布认可台法院民事判决在祖国大陆的效力,277,277,72028dac4f6b8a4e6773b342fb4dad01a3d20f5483ffeeca07206df802d436be
19980607-01-001,law,法治,train,江泽民参观全国禁毒展,458,458,a990d0d9967577cc4fdaa2fe97f049675704bdd493911840b3ab6aee9b34f775
19980106-11-003,law,法治,train,律师撰文当被告法院走上原告席,311,311,60db742b4d720e35435b6e7069a7c11e7cfa19b12ed14cda6c1665a1104934c6
19980428-03-006,law,法治,train,筑起法律的屏障,984,500,d545df579ce9fd0e3811ab786af4a05ffe7df139fe24fb77c5fcd16b91627a72
19980212-03-007,law,法治,train,接受社会监督树立良好形象咸宁公安局从严治警动真格,392,392,3910c6795e61d1d5b5f6dbeea18b117697ef2009ff8da64c9ab5d2f78903489a
19980618-04-005,law,法治,train,全国政协常委参观全国禁毒展览,182,182,e75bd39d6a1dd04413cc2fcb73763bf34e06ceb2337fe6f662bf4ad367eb4539
19980614-04-003,law,法治,train,武汉反贪局新举措同步监督大型工程建设,254,254,55b8ff119676cfcf53c355bd86fede8bb94bdb12618d6b7a727b67073bef79ae
19980515-07-006,law,法治,train,俄罗斯饮假酒犯罪增一倍打假酒时日需三年,201,201,352c9fa27d97af256f15377e94e55c06377adab8d9ec414999398e77072aa8ac
19980531-04-007,law,法治,train,天津第一中级人民法院一案公开审理拒绝记者旁听,295,295,61d767197b685ebca4ad72efa290e853b54b5f4be80143775bd75cb17ec5fccc
19980620-02-004,law,法治,train,中宣部公安部联合举行座谈会交流公安机关学习东莱街派出所经验,215,215,ac4a3095e418efb7f079c43050b27917b553e8fa01d71033c3bcfde331d8478b
19980306-02-005,law,法治,train,民主和法制建设得到加强,256,256,c5322f1808d9ff30b6bed8748c8bbaf1b81864b1cb85ea2d618711bb2a006131
19980527-05-005,law,法治,train,全国人大执法检查组结束对海南检查,337,337,6075403bbf0e159b9b155578296380c38645d31f2e5d9019d94906e9eafdf261
19980120-03-002,law,法治,train,最高人民法院等六部门公布关于刑事诉讼法实施中若干问题的规定,698,500,7ab733c2e7866f2c0c12938361e19c58e753b0ef52d45fbe6293a501dfe4de78
19980521-11-006,law,法治,train,预防少年犯罪几点建议,481,481,760378d809997b0c3aee33f7f7083558b55ab805a934e2adcd52560558f1215b
19980523-02-001,law,法治,train,倾听群众呼声督办疑难案件江西设立公安厅局长接待日,366,366,bae6eff0a4d78136eb40f93a070e308b8a2c62366672cf4729d31671b89c6491
19980415-06-013,law,法治,train,利法院审理美空袭案,177,177,86fdaa17ce0c87530b713e957d24ec06cb33cb22d3c1f6aedce29299695379f4
19980218-10-005,law,法治,train,不许漠视法律,230,230,e089c9033f5c40624ca90c465a9fd47a7d8196131374927434ad67e2239666c4
19980612-04-007,law,法治,train,八位人大副委员长、高检检察长参观禁毒展览,184,184,901e6fe3fc4b7e46e63b4573e7917fe261cc5d3f2684ee4700cc96979595361e
19980516-02-007,law,法治,train,公安部要求各地公安机关集中力量严厉打击爆炸物品违法犯罪活动,237,237,c7df269db4742e75f310bf1e14b8aca0eeb59a20df6f3fcd4769eb0b321daade
19980519-03-009,law,法治,train,正警风树形象促工作创一流郑州公安局全面推进队伍建设,487,487,9963c3a22c22161695f710fed0204b17a098ae660ea92ce99fa21053127bddd6
19980521-11-004,law,法治,train,"监督,包括帮助———南县人大常委会支持法院执行工作二三事",942,500,e46c429a8932516d1b80cab2a692d69590aa470c2190ea1aec080bb808d932a5
19980413-09-004,law,法治,train,十年诉讼一朝了断隋香获赔160万元(图片),85,85,863a78932f81e85d955a446cd1d73b8aa8e23c7e1d0fb41cd32f90a579d0918d
19980119-03-006,law,法治,train,琼山公安服务窗口亮起来,296,296,a80582632e07fdbc4fe338bb1cabe94e5048fafb2805e1aae34ade99a736139e
19980627-02-005,law,法治,train,法律委员会报告两部法律草案修改稿修改意见,438,438,4f148878a31d671b46033127d7b789393a8b2efabdf624299a62f76277e80c62
19980531-01-007,law,法治,train,采取措施规范执法湖北税务系统严明税风税纪,399,399,b733cd1025a56741ff51f057264947002fac099c2a4ff3f4efd17ebeeb018f08
19980125-04-011,law,法治,train,香港特区与英国签署刑事司法协助协定,176,176,a9bcf97bd3c2ee164189766c292de88a2c279c9101823496a110968c1e797688
19980508-03-002,law,法治,train,深入贯彻执行律师法推进依法治国的进程,987,500,ce4db5fdd3218f3c464e0f1e67aed20cbdf7b7b7056efee2e6f7be2e6c4fe3e6
19980214-02-012,law,法治,train,司法部为一批厅局长授警衔,141,141,646d73eab0aa63dedc059bb48a763d4b35c97f9a9f63ce9ef5efe1c9dfaaeabe
19980326-02-010,law,法治,train,广泛动员严格执法抓好典型,310,310,f3a57c2e004952f8ae5e63f58d5e17fa16b8093bb1746e5877e72ffc0f071338
19980429-03-006,law,法治,train,公安部表彰优秀公安局和优秀人民警察,170,170,e541f6e5b6884515a64a56580b050a28a1973c82bdec74a060a9ac3aac3b15fd
19980117-05-003,law,法治,train,加强村民自治法制建设研讨会(附图片1张),479,479,a6d97e48ad3e1202be4ba72d9a12b82a1de997fb9bfff96696cdab3d2e3b986a
19980422-10-007,law,法治,train,实施错案责任追究制度维护司法公正,1141,500,ef5938b8eb9772926734bec4df4adacf2a0460449d0cf254b50653cd54c6a139
19980422-03-002,law,法治,train,公安部作出部署开展民用爆炸物品大检查,360,360,1584a30f1cecf0bb9f6895517750f6e6bab4c423d8b656c703f6f010bb3f4362
19980615-06-010,law,法治,train,警察肃毒立奇功,316,316,2d06a2ab211a3068f8443d03775edb8e4813804ee1b411cd998a4a92d5695044
19980223-05-001,law,法治,train,学习邓小平理论开创公安工作新局面,3828,500,f8bca677c26f57c39b8d5bc8a9f76d69ca68f20be51c700ccab49c8daa0cdda5
19980412-02-008,law,法治,train,高检高度重视谭安州案要求从严整顿检察队伍,421,421,8f2ee356e8f153405202747ba4e6a086cd065ce0d81eb0f835b20944011ae076
19980307-03-004,law,法治,train,大力推进依法治国进程——访人大代表王建功(附图片1张),419,419,20cc4e4deeeaf649c3bde2c4258ac1d427d5221036d9ae5e84285a525b86a717
19980413-06-013,law,法治,train,哈总统急飞莫斯科———兼议里海法律地位问题,896,500,367d7e2b4b671e4677a69631633a7c8bc2deee458d330b54451d9d20461941b6
19980116-06-008,law,法治,train,捷治安状况恶化匈犯罪案件增多,224,224,ed22b9e1eedda2e0cf4d116bd3c2706c4e95f3982a35c69cd46871547b0aecff
19980407-06-009,law,法治,train,走出维希政权阴影———法国对巴蓬案作出判决,916,500,5b53a20147f386a8f8a448c430b30611c29f9c542888efe0c322861e367985bc
