topics,variant,id,title,true_label,predicted_label,confidence,correct
2,pretrained,19980205-08-004,欧洲乒乓球十二强赛结束萨姆索诺夫倪夏莲分获男女冠军,sports,sports,0.9988954663276672,True
2,pretrained,19980507-08-006,澳大利亚一游泳选手被禁赛,sports,sports,0.753480076789856,True
2,pretrained,19980601-07-003,俄金融危机有所缓解新税务局长强调加强税收,finance,finance,0.9990328550338745,True
2,pretrained,19980330-02-012,红嘴集团成为地方财政支柱,finance,finance,0.9192405343055725,True
2,pretrained,19980116-08-004,世界游泳锦标赛美国名将汤普森已获三金,sports,sports,0.996792197227478,True
2,pretrained,19980417-02-009,天津自费参加房屋保险者增多,finance,finance,0.986790120601654,True
2,pretrained,19980205-08-001,中国冬奥代表团抵达长野减轻心理压力增添争胜勇气争取零的突破,sports,sports,0.9446951150894165,True
2,pretrained,19980217-08-008,申城绿茵场早春不寂寞首届远东俱乐部足球赛开战,sports,sports,0.9916910529136658,True
2,pretrained,19980608-08-005,全国田径大奖赛总决赛落幕(附图片1张),sports,sports,0.9984930157661438,True
2,pretrained,19980623-02-008,财政部民航总局联合发出通知,finance,finance,0.9736227989196777,True
2,pretrained,19980601-01-004,中国人民银行公告,finance,finance,0.6370531320571899,True
2,pretrained,19980410-05-009,女子围棋世界冠军赛丰云不敌芮乃伟,sports,sports,0.9865474700927734,True
2,pretrained,19980216-10-011,上周股市概览,finance,finance,0.9916874170303345,True
2,pretrained,19980311-07-001,我对亚洲金融危机态度备受赞扬亚洲开发银行认为金融危机后果严重,finance,finance,0.9927005171775818,True
2,pretrained,19980303-05-014,巴西蝉联世界女子沙滩排球巡回赛冠军,sports,sports,0.9966652393341064,True
2,pretrained,19980313-07-003,经济学家:“亚洲奇迹”并未完结亚行将向泰国贷款5亿美元,finance,finance,0.9817168116569519,True
2,pretrained,19980214-06-005,完善进出口政策性金融初探,finance,finance,0.9988877177238464,True
2,pretrained,19980322-01-008,世界短道速滑锦标赛我国选手获一金一银,sports,sports,0.998007595539093,True
2,pretrained,19980618-02-009,中行被评为“中国最佳国内银行”,finance,finance,0.880169689655304,True
2,pretrained,19980330-02-003,保证全年经济增长适当扩大投资规模开发银行首季贷款增四成,finance,finance,0.9979310631752014,True
2,pretrained,19980608-08-003,甲A联赛战罢一循环国安不败纪录被终止,sports,sports,0.9880349040031433,True
2,pretrained,19980209-02-008,中信实业银行经营业绩创新高,finance,finance,0.9994301795959473,True
2,pretrained,19980424-08-002,世界杯热身赛不断德国队胜尼日利亚队,sports,sports,0.9608316421508789,True
2,pretrained,19980511-08-004,巴拉圭公布世界杯赛名单北京国安球员冈玻斯入选,sports,sports,0.998851478099823,True
2,scratch,19980205-08-004,欧洲乒乓球十二强赛结束萨姆索诺夫倪夏莲分获男女冠军,sports,sports,0.5868265628814697,True
2,scratch,19980507-08-006,澳大利亚一游泳选手被禁赛,sports,finance,0.5088433027267456,False
2,scratch,19980601-07-003,俄金融危机有所缓解新税务局长强调加强税收,finance,finance,0.5304838418960571,True
2,scratch,19980330-02-012,红嘴集团成为地方财政支柱,finance,sports,0.5095677971839905,False
2,scratch,19980116-08-004,世界游泳锦标赛美国名将汤普森已获三金,sports,sports,0.5458235144615173,True
2,scratch,19980417-02-009,天津自费参加房屋保险者增多,finance,finance,0.5172763466835022,True
2,scratch,19980205-08-001,中国冬奥代表团抵达长野减轻心理压力增添争胜勇气争取零的突破,sports,sports,0.5287303328514099,True
2,scratch,19980217-08-008,申城绿茵场早春不寂寞首届远东俱乐部足球赛开战,sports,sports,0.5472453236579895,True
2,scratch,19980608-08-005,全国田径大奖赛总决赛落幕(附图片1张),sports,sports,0.5547304153442383,True
2,scratch,19980623-02-008,财政部民航总局联合发出通知,finance,sports,0.5250716805458069,False
2,scratch,19980601-01-004,中国人民银行公告,finance,sports,0.5226324200630188,False
2,scratch,19980410-05-009,女子围棋世界冠军赛丰云不敌芮乃伟,sports,sports,0.5439289808273315,True
2,scratch,19980216-10-011,上周股市概览,finance,finance,0.511260449886322,True
2,scratch,19980311-07-001,我对亚洲金融危机态度备受赞扬亚洲开发银行认为金融危机后果严重,finance,finance,0.5192756056785583,True
2,scratch,19980303-05-014,巴西蝉联世界女子沙滩排球巡回赛冠军,sports,sports,0.5380586981773376,True
2,scratch,19980313-07-003,经济学家:“亚洲奇迹”并未完结亚行将向泰国贷款5亿美元,finance,finance,0.5079858303070068,True
2,scratch,19980214-06-005,完善进出口政策性金融初探,finance,sports,0.5001006126403809,False
2,scratch,19980322-01-008,世界短道速滑锦标赛我国选手获一金一银,sports,sports,0.5703085660934448,True
2,scratch,19980618-02-009,中行被评为“中国最佳国内银行”,finance,sports,0.5077660083770752,False
2,scratch,19980330-02-003,保证全年经济增长适当扩大投资规模开发银行首季贷款增四成,finance,finance,0.5160752534866333,True
2,scratch,19980608-08-003,甲A联赛战罢一循环国安不败纪录被终止,sports,sports,0.5387052893638611,True
2,scratch,19980209-02-008,中信实业银行经营业绩创新高,finance,finance,0.5299107432365417,True
2,scratch,19980424-08-002,世界杯热身赛不断德国队胜尼日利亚队,sports,sports,0.5519793629646301,True
2,scratch,19980511-08-004,巴拉圭公布世界杯赛名单北京国安球员冈玻斯入选,sports,sports,0.5731749534606934,True
4,pretrained,19980122-04-013,首都举行文艺演出慰问留学回国人员,culture,culture,0.4698288142681122,True
4,pretrained,19980205-08-004,欧洲乒乓球十二强赛结束萨姆索诺夫倪夏莲分获男女冠军,sports,sports,0.9982430934906006,True
4,pretrained,19980507-08-006,澳大利亚一游泳选手被禁赛,sports,sports,0.36139509081840515,True
4,pretrained,19980601-07-003,俄金融危机有所缓解新税务局长强调加强税收,finance,finance,0.9981114268302917,True
4,pretrained,19980330-02-012,红嘴集团成为地方财政支柱,finance,finance,0.7209704518318176,True
4,pretrained,19980116-08-004,世界游泳锦标赛美国名将汤普森已获三金,sports,sports,0.9925817847251892,True
4,pretrained,19980401-05-008,中山华侨中学实施适应性教育,education,education,0.9923389554023743,True
4,pretrained,19980417-02-009,天津自费参加房屋保险者增多,finance,finance,0.9353082180023193,True
4,pretrained,19980205-08-001,中国冬奥代表团抵达长野减轻心理压力增添争胜勇气争取零的突破,sports,sports,0.7108317613601685,True
4,pretrained,19980601-05-008,北京白家庄小学素质教育有特色,education,education,0.9613783955574036,True
4,pretrained,19980508-09-004,总政歌舞团推出两台精彩歌舞,culture,culture,0.9795242547988892,True
4,pretrained,19980413-01-005,青海800多大学生志愿去农牧区,education,education,0.7981439828872681,True
4,pretrained,19980522-05-009,高等教育的新使命———深入社会引导社会(附图片1张),education,education,0.9956624507904053,True
4,pretrained,19980423-04-008,百余文艺家万里采风到浦东,culture,culture,0.6736018657684326,True
4,pretrained,19980109-11-002,文学期刊头条月报,culture,culture,0.7826294898986816,True
4,pretrained,19980217-08-008,申城绿茵场早春不寂寞首届远东俱乐部足球赛开战,sports,sports,0.9953815340995789,True
4,pretrained,19980203-04-007,书法家慰问子弟兵,culture,culture,0.7446267008781433,True
4,pretrained,19980325-10-009,英豪:真情荡漾的民办学校,education,education,0.8398255705833435,True
4,pretrained,19980120-11-007,对素质教育的思考,education,education,0.9617459177970886,True
4,pretrained,19980608-08-005,全国田径大奖赛总决赛落幕(附图片1张),sports,sports,0.9958570599555969,True
4,pretrained,19980210-04-006,首届“鲁迅文学奖”评选揭晓,culture,culture,0.5808833837509155,True
4,pretrained,19980503-01-010,上海国际艺术节开幕,culture,culture,0.8605422973632812,True
4,pretrained,19980623-02-008,财政部民航总局联合发出通知,finance,finance,0.8795572519302368,True
4,pretrained,19980601-01-004,中国人民银行公告,finance,culture,0.43257275223731995,False
4,pretrained,19980515-10-011,『面包车艺术团』受官兵欢迎,culture,culture,0.9249425530433655,True
4,pretrained,19980413-05-004,天津河西区开辟素质教育实验小区,education,education,0.991492509841919,True
4,pretrained,19980410-05-009,女子围棋世界冠军赛丰云不敌芮乃伟,sports,sports,0.9474307298660278,True
4,pretrained,19980102-01-004,承百年报国志做世纪栋梁材北大学生举行宣誓仪式,education,culture,0.7487895488739014,False
4,pretrained,19980216-10-011,上周股市概览,finance,finance,0.9769948720932007,True
4,pretrained,19980311-07-001,我对亚洲金融危机态度备受赞扬亚洲开发银行认为金融危机后果严重,finance,finance,0.9544087052345276,True
4,pretrained,19980303-05-014,巴西蝉联世界女子沙滩排球巡回赛冠军,sports,sports,0.9949164986610413,True
4,pretrained,19980313-07-003,经济学家:“亚洲奇迹”并未完结亚行将向泰国贷款5亿美元,finance,finance,0.906859278678894,True
4,pretrained,19980620-07-002,"分数,能否成为学生的隐私---关于中小学生考试成绩排名的议论",education,education,0.891303539276123,True
4,pretrained,19980214-06-005,完善进出口政策性金融初探,finance,finance,0.9791404604911804,True
4,pretrained,19980322-01-008,世界短道速滑锦标赛我国选手获一金一银,sports,sports,0.9968658685684204,True
4,pretrained,19980618-02-009,中行被评为“中国最佳国内银行”,finance,finance,0.8155348896980286,True
4,pretrained,19980330-02-003,保证全年经济增长适当扩大投资规模开发银行首季贷款增四成,finance,finance,0.9715701937675476,True
4,pretrained,19980608-08-003,甲A联赛战罢一循环国安不败纪录被终止,sports,sports,0.9794722199440002,True
4,pretrained,19980209-02-008,中信实业银行经营业绩创新高,finance,finance,0.9978685975074768,True
4,pretrained,19980312-05-010,教育香港青少年热爱祖国(附图片1张),education,culture,0.7141086459159851,False
4,pretrained,19980214-02-010,传达中央关怀播洒精神文明南昆文化列车鸣笛启程,culture,culture,0.8000333309173584,True
4,pretrained,19980124-09-005,诠释传统文化价值的几种观点,culture,culture,0.8850107789039612,True
4,pretrained,19980630-05-005,教育部与李嘉诚及长江基建集团联手长江学者奖励计划将实施,education,education,0.7712233066558838,True
4,pretrained,19980105-11-005,文化营销一道亮丽的风景(附图片2张),culture,culture,0.971744954586029,True
4,pretrained,19980622-05-008,成都向社会招聘兼职教师3000人竞争300个名额,education,education,0.9275709390640259,True
4,pretrained,19980424-08-002,世界杯热身赛不断德国队胜尼日利亚队,sports,sports,0.9399464130401611,True
4,pretrained,19980325-05-010,甘肃繁荣文艺创作,culture,culture,0.9259334206581116,True
4,pretrained,19980511-08-004,巴拉圭公布世界杯赛名单北京国安球员冈玻斯入选,sports,sports,0.827009379863739,True
4,scratch,19980122-04-013,首都举行文艺演出慰问留学回国人员,culture,culture,0.2504061162471771,True
4,scratch,19980205-08-004,欧洲乒乓球十二强赛结束萨姆索诺夫倪夏莲分获男女冠军,sports,sports,0.2507278025150299,True
4,scratch,19980507-08-006,澳大利亚一游泳选手被禁赛,sports,education,0.25033554434776306,False
4,scratch,19980601-07-003,俄金融危机有所缓解新税务局长强调加强税收,finance,finance,0.2504432797431946,True
4,scratch,19980330-02-012,红嘴集团成为地方财政支柱,finance,education,0.25045040249824524,False
4,scratch,19980116-08-004,世界游泳锦标赛美国名将汤普森已获三金,sports,sports,0.2502650022506714,True
4,scratch,19980401-05-008,中山华侨中学实施适应性教育,education,education,0.25082942843437195,True
4,scratch,19980417-02-009,天津自费参加房屋保险者增多,finance,education,0.25058048963546753,False
4,scratch,19980205-08-001,中国冬奥代表团抵达长野减轻心理压力增添争胜勇气争取零的突破,sports,education,0.25033560395240784,False
4,scratch,19980601-05-008,北京白家庄小学素质教育有特色,education,education,0.25082263350486755,True
4,scratch,19980508-09-004,总政歌舞团推出两台精彩歌舞,culture,culture,0.2507011294364929,True
4,scratch,19980413-01-005,青海800多大学生志愿去农牧区,education,education,0.2505601942539215,True
4,scratch,19980522-05-009,高等教育的新使命———深入社会引导社会(附图片1张),education,education,0.250968873500824,True
4,scratch,19980423-04-008,百余文艺家万里采风到浦东,culture,education,0.25049349665641785,False
4,scratch,19980109-11-002,文学期刊头条月报,culture,culture,0.25063440203666687,True
4,scratch,19980217-08-008,申城绿茵场早春不寂寞首届远东俱乐部足球赛开战,sports,sports,0.2503950595855713,True
4,scratch,19980203-04-007,书法家慰问子弟兵,culture,education,0.2505028545856476,False
4,scratch,19980325-10-009,英豪:真情荡漾的民办学校,education,education,0.2506396174430847,True
4,scratch,19980120-11-007,对素质教育的思考,education,education,0.2507798373699188,True
4,scratch,19980608-08-005,全国田径大奖赛总决赛落幕(附图片1张),sports,culture,0.2503310441970825,False
4,scratch,19980210-04-006,首届“鲁迅文学奖”评选揭晓,culture,culture,0.25052976608276367,True
4,scratch,19980503-01-010,上海国际艺术节开幕,culture,education,0.25037023425102234,False
4,scratch,19980623-02-008,财政部民航总局联合发出通知,finance,education,0.25037696957588196,False
4,scratch,19980601-01-004,中国人民银行公告,finance,education,0.25032201409339905,False
4,scratch,19980515-10-011,『面包车艺术团』受官兵欢迎,culture,culture,0.25099340081214905,True
4,scratch,19980413-05-004,天津河西区开辟素质教育实验小区,education,education,0.25076648592948914,True
4,scratch,19980410-05-009,女子围棋世界冠军赛丰云不敌芮乃伟,sports,culture,0.25020599365234375,False
4,scratch,19980102-01-004,承百年报国志做世纪栋梁材北大学生举行宣誓仪式,education,education,0.2506294548511505,True
4,scratch,19980216-10-011,上周股市概览,finance,finance,0.25035423040390015,True
4,scratch,19980311-07-001,我对亚洲金融危机态度备受赞扬亚洲开发银行认为金融危机后果严重,finance,education,0.2504734396934509,False
4,scratch,19980303-05-014,巴西蝉联世界女子沙滩排球巡回赛冠军,sports,education,0.25015339255332947,False
4,scratch,19980313-07-003,经济学家:“亚洲奇迹”并未完结亚行将向泰国贷款5亿美元,finance,education,0.2504286766052246,False
4,scratch,19980620-07-002,"分数,能否成为学生的隐私---关于中小学生考试成绩排名的议论",education,education,0.25055915117263794,True
4,scratch,19980214-06-005,完善进出口政策性金融初探,finance,education,0.2503729462623596,False
4,scratch,19980322-01-008,世界短道速滑锦标赛我国选手获一金一银,sports,sports,0.25054511427879333,True
4,scratch,19980618-02-009,中行被评为“中国最佳国内银行”,finance,culture,0.2503330707550049,False
4,scratch,19980330-02-003,保证全年经济增长适当扩大投资规模开发银行首季贷款增四成,finance,education,0.2504411041736603,False
4,scratch,19980608-08-003,甲A联赛战罢一循环国安不败纪录被终止,sports,education,0.2501191198825836,False
4,scratch,19980209-02-008,中信实业银行经营业绩创新高,finance,finance,0.2503538429737091,True
4,scratch,19980312-05-010,教育香港青少年热爱祖国(附图片1张),education,education,0.25069957971572876,True
4,scratch,19980214-02-010,传达中央关怀播洒精神文明南昆文化列车鸣笛启程,culture,culture,0.2505628764629364,True
4,scratch,19980124-09-005,诠释传统文化价值的几种观点,culture,education,0.25072312355041504,False
4,scratch,19980630-05-005,教育部与李嘉诚及长江基建集团联手长江学者奖励计划将实施,education,education,0.25058987736701965,True
4,scratch,19980105-11-005,文化营销一道亮丽的风景(附图片2张),culture,culture,0.25056710839271545,True
4,scratch,19980622-05-008,成都向社会招聘兼职教师3000人竞争300个名额,education,education,0.25066184997558594,True
4,scratch,19980424-08-002,世界杯热身赛不断德国队胜尼日利亚队,sports,education,0.25012850761413574,False
4,scratch,19980325-05-010,甘肃繁荣文艺创作,culture,culture,0.2509004473686218,True
4,scratch,19980511-08-004,巴拉圭公布世界杯赛名单北京国安球员冈玻斯入选,sports,culture,0.25071606040000916,False
8,pretrained,19980505-05-001,弘扬奉献精神创造科技辉煌中科院先进人物事迹报告催人奋进,technology,education,0.4374861419200897,False
8,pretrained,19980122-04-013,首都举行文艺演出慰问留学回国人员,culture,law,0.26298463344573975,False
8,pretrained,19980518-02-004,切实减轻农民电费负担新堰承诺农电最高限价,agriculture,agriculture,0.6398956179618835,True
8,pretrained,19980217-12-005,高原女儿不逊男——云南计划生育工作拾零(附图片1张),health,health,0.28857317566871643,True
8,pretrained,19980205-08-004,欧洲乒乓球十二强赛结束萨姆索诺夫倪夏莲分获男女冠军,sports,sports,0.9965282678604126,True
8,pretrained,19980507-08-006,澳大利亚一游泳选手被禁赛,sports,law,0.6196286082267761,False
8,pretrained,19980111-04-013,青岛市楼山乡成为专利乡,technology,technology,0.5308883786201477,True
8,pretrained,19980321-07-004,居家必备《家庭医生》,health,health,0.5030348300933838,True
8,pretrained,19980601-07-003,俄金融危机有所缓解新税务局长强调加强税收,finance,finance,0.99459308385849,True
8,pretrained,19980613-02-012,顶风违纪接受案件当事单位宴请范县一反贪局副局长被查处,law,law,0.8789852857589722,True
8,pretrained,19980330-02-012,红嘴集团成为地方财政支柱,finance,technology,0.7864079475402832,False
8,pretrained,19980116-08-004,世界游泳锦标赛美国名将汤普森已获三金,sports,sports,0.9864155650138855,True
8,pretrained,19980401-05-008,中山华侨中学实施适应性教育,education,education,0.953116238117218,True
8,pretrained,19980422-09-005,法律岂能『打白条』,law,law,0.7240201830863953,True
8,pretrained,19980526-02-002,语重心长话粮改———朱镕基总理与一位县粮食局长的对话,agriculture,agriculture,0.5974316596984863,True
8,pretrained,19980518-03-007,抓班子带队伍促业务保平安常州公安机关构建形象工程,law,law,0.9640766382217407,True
8,pretrained,19980417-02-009,天津自费参加房屋保险者增多,finance,finance,0.5020602345466614,True
8,pretrained,19980518-05-004,沈铁吉林中心医院改革见成效,health,health,0.5935415029525757,True
8,pretrained,19980405-04-009,做好下岗分流的法律服务天津人“买断工龄”作公证,law,law,0.6004095077514648,True
8,pretrained,19980205-08-001,中国冬奥代表团抵达长野减轻心理压力增添争胜勇气争取零的突破,sports,sports,0.5557211637496948,True
8,pretrained,19980601-05-008,北京白家庄小学素质教育有特色,education,education,0.9380276203155518,True
8,pretrained,19980508-09-004,总政歌舞团推出两台精彩歌舞,culture,culture,0.9661359786987305,True
8,pretrained,19980414-05-005,涂装前处理技术解决防锈难题,technology,technology,0.9267579317092896,True
8,pretrained,19980413-01-005,青海800多大学生志愿去农牧区,education,education,0.49009108543395996,True
8,pretrained,19980408-01-002,江西:激活农村购买力,agriculture,agriculture,0.9179472327232361,True
8,pretrained,19980522-05-009,高等教育的新使命———深入社会引导社会(附图片1张),education,education,0.983576238155365,True
8,pretrained,19980423-04-008,百余文艺家万里采风到浦东,culture,culture,0.3641079068183899,True
8,pretrained,19980114-11-008,『只想做一个合格的医生』,health,health,0.3694038987159729,True
8,pretrained,19980416-03-009,辽宁省检察院强调处理谭安州一案绝不护短,law,law,0.9710925221443176,True
8,pretrained,19980109-11-002,文学期刊头条月报,culture,culture,0.5605767965316772,True
8,pretrained,19980421-07-005,宝洁资助中美卫生研究合作项目,health,education,0.5175176858901978,False
8,pretrained,19980217-08-008,申城绿茵场早春不寂寞首届远东俱乐部足球赛开战,sports,sports,0.9933710098266602,True
8,pretrained,19980203-04-007,书法家慰问子弟兵,culture,culture,0.5087260603904724,True
8,pretrained,19980325-10-009,英豪:真情荡漾的民办学校,education,education,0.7288994193077087,True
8,pretrained,19980306-03-002,『两会』涌动科技潮,technology,technology,0.41861945390701294,True
8,pretrained,19980120-11-007,对素质教育的思考,education,education,0.8649577498435974,True
8,pretrained,19980608-08-005,全国田径大奖赛总决赛落幕(附图片1张),sports,sports,0.9934886693954468,True
8,pretrained,19980125-09-001,挑战与机遇同在——访农业部副部长万宝瑞(附图片1张),agriculture,agriculture,0.45493820309638977,True
8,pretrained,19980113-03-005,空军昆明医院实行医疗帮困,health,health,0.8134458065032959,True
8,pretrained,19980210-04-006,首届“鲁迅文学奖”评选揭晓,culture,culture,0.44799408316612244,True
8,pretrained,19980107-09-002,从安徽整顿前的情况看——农村电价缘何高?,agriculture,agriculture,0.7081277370452881,True
8,pretrained,19980602-09-005,哈医大二院---送医药下乡设扶贫病房,health,health,0.7367525100708008,True
8,pretrained,19980613-02-004,贯彻中央军委新时期军事战略方针全军高级干部高科技知识培训班结业,technology,technology,0.9581761956214905,True
8,pretrained,19980503-01-010,上海国际艺术节开幕,culture,culture,0.8268913626670837,True
8,pretrained,19980311-02-002,最高人民法院院长任建新在九届人大一次会议上的报告(摘要),law,law,0.8737217783927917,True
8,pretrained,19980121-04-009,专项斗争力度加大禁毒意识深入人心去年禁毒工作取得好成效,law,law,0.9703881144523621,True
8,pretrained,19980416-05-006,南京脑科医院为病人办实事,health,health,0.9472625255584717,True
8,pretrained,19980623-02-008,财政部民航总局联合发出通知,finance,finance,0.4258016049861908,True
8,pretrained,19980611-05-003,发掘科技优势振兴国产名牌熊猫集团迈入数字化,technology,technology,0.9648445248603821,True
8,pretrained,19980601-01-004,中国人民银行公告,finance,health,0.2171587198972702,False
8,pretrained,19980515-10-011,『面包车艺术团』受官兵欢迎,culture,culture,0.8873227834701538,True
8,pretrained,19980413-05-004,天津河西区开辟素质教育实验小区,education,education,0.9337829351425171,True
8,pretrained,19980516-07-004,天上人间一表牵———在休斯敦航天城看欧米茄“火星表”亮相,technology,culture,0.4299338161945343,False
8,pretrained,19980410-05-009,女子围棋世界冠军赛丰云不敌芮乃伟,sports,sports,0.8956125378608704,True
8,pretrained,19980102-01-004,承百年报国志做世纪栋梁材北大学生举行宣誓仪式,education,culture,0.6208268404006958,False
8,pretrained,19980122-03-004,全国农村妇女『双学双比』活动取得新进展,agriculture,agriculture,0.5645900368690491,True
8,pretrained,19980216-10-011,上周股市概览,finance,finance,0.9754910469055176,True
8,pretrained,19980511-05-006,振华、王义锡科技扶贫基金颁奖,technology,technology,0.9736030697822571,True
8,pretrained,19980206-05-013,『新玉四号』突破玉米种植禁区,agriculture,agriculture,0.45442458987236023,True
8,pretrained,19980504-02-001,推进国土绿化的法律保障,law,agriculture,0.3451148271560669,False
8,pretrained,19980311-07-001,我对亚洲金融危机态度备受赞扬亚洲开发银行认为金融危机后果严重,finance,finance,0.9340561628341675,True
8,pretrained,19980505-02-009,沪郊种植特色菜,agriculture,agriculture,0.5790045857429504,True
8,pretrained,19980518-05-007,国家医疗队赴遵义助残,health,health,0.5204928517341614,True
8,pretrained,19980322-01-003,"为加强社会主义民主法制,推进依法治国而努力工作",law,law,0.7654712200164795,True
8,pretrained,19980630-04-004,中美签署和平利用核技术合作协定,technology,technology,0.7081455588340759,True
8,pretrained,19980303-05-014,巴西蝉联世界女子沙滩排球巡回赛冠军,sports,sports,0.9904367923736572,True
8,pretrained,19980313-07-003,经济学家:“亚洲奇迹”并未完结亚行将向泰国贷款5亿美元,finance,finance,0.8587661981582642,True
8,pretrained,19980620-07-002,"分数,能否成为学生的隐私---关于中小学生考试成绩排名的议论",education,education,0.8581555485725403,True
8,pretrained,19980214-06-005,完善进出口政策性金融初探,finance,finance,0.9360020756721497,True
8,pretrained,19980523-02-010,全国人大执法检查组赴海南检查海洋环境保护法实施情况,law,law,0.5901937484741211,True
8,pretrained,19980322-01-008,世界短道速滑锦标赛我国选手获一金一银,sports,sports,0.9947551488876343,True
8,pretrained,19980618-02-009,中行被评为“中国最佳国内银行”,finance,finance,0.520872175693512,True
8,pretrained,19980330-02-003,保证全年经济增长适当扩大投资规模开发银行首季贷款增四成,finance,finance,0.7804555296897888,True
8,pretrained,19980608-08-003,甲A联赛战罢一循环国安不败纪录被终止,sports,sports,0.9332681894302368,True
8,pretrained,19980209-02-008,中信实业银行经营业绩创新高,finance,finance,0.9702053666114807,True
8,pretrained,19980119-06-006,土宪法法院取缔繁荣党,law,law,0.8779889941215515,True
8,pretrained,19980622-01-009,坚持粮食顺价销售制止亏损挂账扩大四川加强粮食市场管理,agriculture,agriculture,0.5245662331581116,True
8,pretrained,19980312-05-010,教育香港青少年热爱祖国(附图片1张),education,culture,0.5706295967102051,False
8,pretrained,19980309-05-007,安徽依法建设新农村,agriculture,agriculture,0.9134409427642822,True
8,pretrained,19980214-02-010,传达中央关怀播洒精神文明南昆文化列车鸣笛启程,culture,culture,0.5372210144996643,True
8,pretrained,19980124-09-005,诠释传统文化价值的几种观点,culture,culture,0.7130683660507202,True
8,pretrained,19980630-05-005,教育部与李嘉诚及长江基建集团联手长江学者奖励计划将实施,education,education,0.38751041889190674,True
8,pretrained,19980408-02-002,特别关注农村消费者,agriculture,agriculture,0.8606045246124268,True
8,pretrained,19980519-02-010,关注群众身体健康西宁处理『垃圾猪』,health,law,0.7701154947280884,False
8,pretrained,19980105-11-005,文化营销一道亮丽的风景(附图片2张),culture,culture,0.8850662112236023,True
8,pretrained,19980120-05-007,医药优秀奖为科工贸架金桥,health,technology,0.5503938794136047,False
8,pretrained,19980108-04-008,河北将推广秸秆气技术,technology,agriculture,0.3277401924133301,False
8,pretrained,19980622-05-008,成都向社会招聘兼职教师3000人竞争300个名额,education,education,0.8319978713989258,True
8,pretrained,19980521-01-002,着眼农业开发着力基础建设积极开发开放黄河三角洲进入起航状态,agriculture,agriculture,0.4488396644592285,True
8,pretrained,19980609-05-006,国际膜技术展在京举行,technology,technology,0.8811119794845581,True
8,pretrained,19980320-05-002,强化执法监督推进依法治国,law,law,0.9043444395065308,True
8,pretrained,19980424-08-002,世界杯热身赛不断德国队胜尼日利亚队,sports,sports,0.899115264415741,True
8,pretrained,19980325-05-010,甘肃繁荣文艺创作,culture,culture,0.8559472560882568,True
8,pretrained,19980107-02-005,吴邦国分别致信全国医药和轻工会议提出,health,agriculture,0.4191136360168457,False
8,pretrained,19980407-01-003,电脑为上海人『送来』新鲜菜,technology,agriculture,0.49039244651794434,False
8,pretrained,19980511-08-004,巴拉圭公布世界杯赛名单北京国安球员冈玻斯入选,sports,sports,0.7772337198257446,True
8,scratch,19980505-05-001,弘扬奉献精神创造科技辉煌中科院先进人物事迹报告催人奋进,technology,education,0.1252892017364502,False
8,scratch,19980122-04-013,首都举行文艺演出慰问留学回国人员,culture,education,0.12516365945339203,False
8,scratch,19980518-02-004,切实减轻农民电费负担新堰承诺农电最高限价,agriculture,agriculture,0.1253415197134018,True
8,scratch,19980217-12-005,高原女儿不逊男——云南计划生育工作拾零(附图片1张),health,agriculture,0.12524831295013428,False
8,scratch,19980205-08-004,欧洲乒乓球十二强赛结束萨姆索诺夫倪夏莲分获男女冠军,sports,sports,0.125524640083313,True
8,scratch,19980507-08-006,澳大利亚一游泳选手被禁赛,sports,law,0.12517939507961273,False
8,scratch,19980111-04-013,青岛市楼山乡成为专利乡,technology,agriculture,0.1251722276210785,False
8,scratch,19980321-07-004,居家必备《家庭医生》,health,education,0.12515297532081604,False
8,scratch,19980601-07-003,俄金融危机有所缓解新税务局长强调加强税收,finance,finance,0.12528562545776367,True
8,scratch,19980613-02-012,顶风违纪接受案件当事单位宴请范县一反贪局副局长被查处,law,law,0.12518621981143951,True
8,scratch,19980330-02-012,红嘴集团成为地方财政支柱,finance,education,0.12518303096294403,False
8,scratch,19980116-08-004,世界游泳锦标赛美国名将汤普森已获三金,sports,sports,0.1250947117805481,True
8,scratch,19980401-05-008,中山华侨中学实施适应性教育,education,education,0.12538231909275055,True
8,scratch,19980422-09-005,法律岂能『打白条』,law,education,0.1253359317779541,False
8,scratch,19980526-02-002,语重心长话粮改———朱镕基总理与一位县粮食局长的对话,agriculture,education,0.1252063363790512,False
8,scratch,19980518-03-007,抓班子带队伍促业务保平安常州公安机关构建形象工程,law,law,0.1252422332763672,True
8,scratch,19980417-02-009,天津自费参加房屋保险者增多,finance,education,0.12525737285614014,False
8,scratch,19980518-05-004,沈铁吉林中心医院改革见成效,health,education,0.1251562386751175,False
8,scratch,19980405-04-009,做好下岗分流的法律服务天津人“买断工龄”作公证,law,education,0.12519948184490204,False
8,scratch,19980205-08-001,中国冬奥代表团抵达长野减轻心理压力增添争胜勇气争取零的突破,sports,education,0.1251377910375595,False
8,scratch,19980601-05-008,北京白家庄小学素质教育有特色,education,education,0.12536387145519257,True
8,scratch,19980508-09-004,总政歌舞团推出两台精彩歌舞,culture,education,0.12528705596923828,False
8,scratch,19980414-05-005,涂装前处理技术解决防锈难题,technology,education,0.12529850006103516,False
8,scratch,19980413-01-005,青海800多大学生志愿去农牧区,education,education,0.12524300813674927,True
8,scratch,19980408-01-002,江西:激活农村购买力,agriculture,agriculture,0.12528346478939056,True
8,scratch,19980522-05-009,高等教育的新使命———深入社会引导社会(附图片1张),education,education,0.12545479834079742,True
8,scratch,19980423-04-008,百余文艺家万里采风到浦东,culture,education,0.12524116039276123,False
8,scratch,19980114-11-008,『只想做一个合格的医生』,health,education,0.12527158856391907,False
8,scratch,19980416-03-009,辽宁省检察院强调处理谭安州一案绝不护短,law,law,0.1252676099538803,True
8,scratch,19980109-11-002,文学期刊头条月报,culture,education,0.12525011599063873,False
8,scratch,19980421-07-005,宝洁资助中美卫生研究合作项目,health,education,0.12524566054344177,False
8,scratch,19980217-08-008,申城绿茵场早春不寂寞首届远东俱乐部足球赛开战,sports,sports,0.12531086802482605,True
8,scratch,19980203-04-007,书法家慰问子弟兵,culture,education,0.12520022690296173,False
8,scratch,19980325-10-009,英豪:真情荡漾的民办学校,education,education,0.1252996325492859,True
8,scratch,19980306-03-002,『两会』涌动科技潮,technology,education,0.12536372244358063,False
8,scratch,19980120-11-007,对素质教育的思考,education,education,0.12535233795642853,True
8,scratch,19980608-08-005,全国田径大奖赛总决赛落幕(附图片1张),sports,sports,0.12518714368343353,True
8,scratch,19980125-09-001,挑战与机遇同在——访农业部副部长万宝瑞(附图片1张),agriculture,education,0.12523584067821503,False
8,scratch,19980113-03-005,空军昆明医院实行医疗帮困,health,education,0.12514369189739227,False
8,scratch,19980210-04-006,首届“鲁迅文学奖”评选揭晓,culture,education,0.12523587048053741,False
8,scratch,19980107-09-002,从安徽整顿前的情况看——农村电价缘何高?,agriculture,agriculture,0.12519562244415283,True
8,scratch,19980602-09-005,哈医大二院---送医药下乡设扶贫病房,health,education,0.12519460916519165,False
8,scratch,19980613-02-004,贯彻中央军委新时期军事战略方针全军高级干部高科技知识培训班结业,technology,education,0.12521745264530182,False
8,scratch,19980503-01-010,上海国际艺术节开幕,culture,agriculture,0.1251508891582489,False
8,scratch,19980311-02-002,最高人民法院院长任建新在九届人大一次会议上的报告(摘要),law,education,0.12533259391784668,False
8,scratch,19980121-04-009,专项斗争力度加大禁毒意识深入人心去年禁毒工作取得好成效,law,law,0.12526874244213104,True
8,scratch,19980416-05-006,南京脑科医院为病人办实事,health,agriculture,0.1251242458820343,False
8,scratch,19980623-02-008,财政部民航总局联合发出通知,finance,education,0.12516172230243683,False
8,scratch,19980611-05-003,发掘科技优势振兴国产名牌熊猫集团迈入数字化,technology,education,0.12518900632858276,False
8,scratch,19980601-01-004,中国人民银行公告,finance,culture,0.1251801997423172,False
8,scratch,19980515-10-011,『面包车艺术团』受官兵欢迎,culture,education,0.12536130845546722,False
8,scratch,19980413-05-004,天津河西区开辟素质教育实验小区,education,education,0.12535332143306732,True
8,scratch,19980516-07-004,天上人间一表牵———在休斯敦航天城看欧米茄“火星表”亮相,technology,education,0.12520819902420044,False
8,scratch,19980410-05-009,女子围棋世界冠军赛丰云不敌芮乃伟,sports,education,0.125080406665802,False
8,scratch,19980102-01-004,承百年报国志做世纪栋梁材北大学生举行宣誓仪式,education,education,0.1252553015947342,True
8,scratch,19980122-03-004,全国农村妇女『双学双比』活动取得新进展,agriculture,education,0.12520986795425415,False
8,scratch,19980216-10-011,上周股市概览,finance,finance,0.12520529329776764,True
8,scratch,19980511-05-006,振华、王义锡科技扶贫基金颁奖,technology,education,0.12516318261623383,False
8,scratch,19980206-05-013,『新玉四号』突破玉米种植禁区,agriculture,agriculture,0.12517645955085754,True
8,scratch,19980504-02-001,推进国土绿化的法律保障,law,education,0.12533730268478394,False
8,scratch,19980311-07-001,我对亚洲金融危机态度备受赞扬亚洲开发银行认为金融危机后果严重,finance,education,0.12524046003818512,False
8,scratch,19980505-02-009,沪郊种植特色菜,agriculture,agriculture,0.1251165270805359,True
8,scratch,19980518-05-007,国家医疗队赴遵义助残,health,culture,0.12520204484462738,False
8,scratch,19980322-01-003,"为加强社会主义民主法制,推进依法治国而努力工作",law,education,0.1253059059381485,False
8,scratch,19980630-04-004,中美签署和平利用核技术合作协定,technology,education,0.12515772879123688,False
8,scratch,19980303-05-014,巴西蝉联世界女子沙滩排球巡回赛冠军,sports,education,0.12508195638656616,False
8,scratch,19980313-07-003,经济学家:“亚洲奇迹”并未完结亚行将向泰国贷款5亿美元,finance,education,0.1252007633447647,False
8,scratch,19980620-07-002,"分数,能否成为学生的隐私---关于中小学生考试成绩排名的议论",education,education,0.1252453327178955,True
8,scratch,19980214-06-005,完善进出口政策性金融初探,finance,education,0.12516586482524872,False
8,scratch,19980523-02-010,全国人大执法检查组赴海南检查海洋环境保护法实施情况,law,education,0.1251954734325409,False
8,scratch,19980322-01-008,世界短道速滑锦标赛我国选手获一金一银,sports,sports,0.1254497468471527,True
8,scratch,19980618-02-009,中行被评为“中国最佳国内银行”,finance,culture,0.1251242756843567,False
8,scratch,19980330-02-003,保证全年经济增长适当扩大投资规模开发银行首季贷款增四成,finance,education,0.12520615756511688,False
8,scratch,19980608-08-003,甲A联赛战罢一循环国安不败纪录被终止,sports,agriculture,0.1250794529914856,False
8,scratch,19980209-02-008,中信实业银行经营业绩创新高,finance,agriculture,0.1252746284008026,False
8,scratch,19980119-06-006,土宪法法院取缔繁荣党,law,law,0.12513543665409088,True
8,scratch,19980622-01-009,坚持粮食顺价销售制止亏损挂账扩大四川加强粮食市场管理,agriculture,agriculture,0.12524524331092834,True
8,scratch,19980312-05-010,教育香港青少年热爱祖国(附图片1张),education,education,0.12531054019927979,True
8,scratch,19980309-05-007,安徽依法建设新农村,agriculture,agriculture,0.12528467178344727,True
8,scratch,19980214-02-010,传达中央关怀播洒精神文明南昆文化列车鸣笛启程,culture,education,0.12524470686912537,False
8,scratch,19980124-09-005,诠释传统文化价值的几种观点,culture,education,0.12530016899108887,False
8,scratch,19980630-05-005,教育部与李嘉诚及长江基建集团联手长江学者奖励计划将实施,education,education,0.1252569556236267,True
8,scratch,19980408-02-002,特别关注农村消费者,agriculture,agriculture,0.12528517842292786,True
8,scratch,19980519-02-010,关注群众身体健康西宁处理『垃圾猪』,health,education,0.12525922060012817,False
8,scratch,19980105-11-005,文化营销一道亮丽的风景(附图片2张),culture,education,0.12521891295909882,False
8,scratch,19980120-05-007,医药优秀奖为科工贸架金桥,health,education,0.1252286434173584,False
8,scratch,19980108-04-008,河北将推广秸秆气技术,technology,agriculture,0.1252288520336151,False
8,scratch,19980622-05-008,成都向社会招聘兼职教师3000人竞争300个名额,education,education,0.12529431283473969,True
8,scratch,19980521-01-002,着眼农业开发着力基础建设积极开发开放黄河三角洲进入起航状态,agriculture,education,0.12524771690368652,False
8,scratch,19980609-05-006,国际膜技术展在京举行,technology,culture,0.12519130110740662,False
8,scratch,19980320-05-002,强化执法监督推进依法治国,law,education,0.12527218461036682,False
8,scratch,19980424-08-002,世界杯热身赛不断德国队胜尼日利亚队,sports,sports,0.12507793307304382,True
8,scratch,19980325-05-010,甘肃繁荣文艺创作,culture,education,0.1253364086151123,False
8,scratch,19980107-02-005,吴邦国分别致信全国医药和轻工会议提出,health,education,0.1252271831035614,False
8,scratch,19980407-01-003,电脑为上海人『送来』新鲜菜,technology,agriculture,0.12524542212486267,False
8,scratch,19980511-08-004,巴拉圭公布世界杯赛名单北京国安球员冈玻斯入选,sports,culture,0.12540249526500702,False
